43,869713,236200.000,2023-05-07 18:04:13.000000,
43,900459,197200.000,2023-05-23 06:14:02.000000,
170,869950,1080500.000,2023-05-08 06:57:17.000000,
170,873940,448000.000,2023-05-09 11:40:52.000000,
170,898640,610500.000,2023-05-22 10:49:39.000000,
170,903800,530000.000,2023-05-24 11:17:05.000000,
170,912355,295800.000,2023-05-29 09:46:32.000000,
942,900346,651500.000,2023-05-22 21:14:19.000000,
1359,856403,4560000.000,2023-05-02 10:02:02.000000,
1359,899944,610500.000,2023-05-22 15:44:39.000000,
1359,900147,306000.000,2023-05-22 17:47:26.000000,
1359,902185,15975000.000,2023-05-23 14:46:38.000000,
2182,890192,211000.000,2023-05-17 07:54:14.000000,
3663,903539,315900.000,2023-05-24 10:30:22.000000,
3878,892624,6525000.000,2023-05-18 12:36:36.000000,
4354,900668,651300.000,2023-05-23 08:42:27.000000,
4427,869927,1900000.000,2023-05-08 06:41:17.000000,
4427,879976,1105000.000,2023-05-11 16:27:51.000000,
4427,880413,990000.000,2023-05-12 07:19:09.000000,
4427,881456,1220000.000,2023-05-12 12:00:28.000000,
4427,884404,1325000.000,2023-05-14 07:10:07.000000,
4427,887047,2813000.000,2023-05-15 16:02:45.000000,
4427,900877,1123000.000,2023-05-23 09:54:56.000000,
4427,901189,610000.000,2023-05-23 10:59:40.000000,
4427,903219,722000.000,2023-05-24 09:42:44.000000,
4427,903234,550000.000,2023-05-24 09:43:31.000000,
4427,911662,709000.000,2023-05-28 18:14:46.000000,
4519,871995,527200.000,2023-05-08 13:59:52.000000,
4519,902216,912900.000,2023-05-23 14:54:15.000000,
4519,904587,502300.000,2023-05-24 14:40:54.000000,
4519,906425,522000.000,2023-05-25 13:13:01.000000,
4683,902383,554900.000,2023-05-23 17:05:00.000000,
4683,911343,601500.000,2023-05-28 08:22:07.000000,
4683,912611,424000.000,2023-05-29 10:29:15.000000,
4787,897878,591400.000,2023-05-22 06:45:52.000000,
4820,884814,753400.000,2023-05-14 23:58:45.000000,
4820,901650,965400.000,2023-05-23 12:42:11.000000,
4820,901693,603000.000,2023-05-23 12:52:07.000000,
4820,902440,1309800.000,2023-05-23 18:04:11.000000,
4928,911872,1042000.000,2023-05-29 06:38:13.000000,
5296,884261,283600.000,2023-05-13 19:12:46.000000,
5296,898037,472500.000,2023-05-22 08:41:06.000000,
5296,900236,1800000.000,2023-05-22 19:10:04.000000,
5434,912800,301800.000,2023-05-29 11:03:25.000000,
5445,900256,856700.000,2023-05-22 19:23:50.000000,
5445,900277,743200.000,2023-05-22 19:38:40.000000,
5445,913637,769500.000,2023-05-29 14:02:13.000000,
5707,903161,311500.000,2023-05-24 09:28:56.000000,
5707,904129,111500.000,2023-05-24 12:37:39.000000,
5707,911064,305000.000,2023-05-27 14:34:40.000000,
5979,878397,200000.000,2023-05-11 09:55:54.000000,
5979,882360,1299100.000,2023-05-12 17:19:18.000000,
5979,900439,549500.000,2023-05-23 05:47:13.000000,
5979,903970,339000.000,2023-05-24 11:52:21.000000,
5979,905292,537000.000,2023-05-25 08:19:12.000000,
6057,888227,228500.000,2023-05-16 10:25:35.000000,
6106,868854,2838000.000,2023-05-06 12:12:42.000000,
6106,869421,1058000.000,2023-05-07 08:20:33.000000,
6106,869564,2394000.000,2023-05-07 12:10:31.000000,
6106,871381,813900.000,2023-05-08 12:03:47.000000,
6106,873038,1287700.000,2023-05-09 08:35:48.000000,
6106,878693,2229000.000,2023-05-11 10:45:53.000000,
6106,879977,2147000.000,2023-05-11 16:29:04.000000,
6106,881025,2357100.000,2023-05-12 10:24:48.000000,
6106,881723,2372500.000,2023-05-12 13:17:15.000000,
6106,884250,1732200.000,2023-05-13 18:45:43.000000,
6106,885002,684800.000,2023-05-15 07:55:38.000000,
6106,886845,1035000.000,2023-05-15 14:37:10.000000,
6106,888921,4642400.000,2023-05-16 12:56:47.000000,
6106,899936,727000.000,2023-05-22 15:37:03.000000,
6106,900398,6004200.000,2023-05-22 23:25:22.000000,
6106,901895,776400.000,2023-05-23 13:47:13.000000,
6106,902328,1090000.000,2023-05-23 16:03:52.000000,
6106,904407,2072500.000,2023-05-24 14:01:24.000000,
6106,904641,337500.000,2023-05-24 14:53:57.000000,
6106,904863,3874000.000,2023-05-24 18:18:49.000000,
6106,912120,2722200.000,2023-05-29 08:44:02.000000,
6190,856470,313200.000,2023-05-02 10:15:56.000000,
6190,862363,367000.000,2023-05-04 10:11:31.000000,
6190,865344,417000.000,2023-05-05 10:24:57.000000,
6190,885609,663000.000,2023-05-15 10:21:44.000000,
6190,888587,714500.000,2023-05-16 11:27:40.000000,
6190,890801,416500.000,2023-05-17 10:46:33.000000,
6190,898716,630800.000,2023-05-22 11:00:44.000000,
6190,899460,484000.000,2023-05-22 13:31:02.000000,
6190,910390,319200.000,2023-05-27 10:12:18.000000,
6190,911205,604400.000,2023-05-27 19:28:38.000000,
6190,912619,360800.000,2023-05-29 10:31:13.000000,
6190,915599,304500.000,2023-05-30 12:32:22.000000,
6304,873095,344800.000,2023-05-09 08:55:08.000000,
6304,873570,140000.000,2023-05-09 10:25:28.000000,
6304,887290,685500.000,2023-05-15 20:15:31.000000,
6304,898380,703100.000,2023-05-22 10:07:48.000000,
6304,900946,558800.000,2023-05-23 10:09:49.000000,
6304,903869,208000.000,2023-05-24 11:30:53.000000,
6324,897300,1125200.000,2023-05-21 05:58:50.000000,
6324,898725,329200.000,2023-05-22 11:01:52.000000,
6386,900223,304200.000,2023-05-22 18:58:04.000000,
6386,913972,100400.000,2023-05-29 15:36:33.000000,
6505,860008,616000.000,2023-05-03 11:00:54.000000,
6505,873774,2059000.000,2023-05-09 11:02:52.000000,
6505,903956,333000.000,2023-05-24 11:50:30.000000,
6551,901136,584800.000,2023-05-23 10:49:39.000000,
6820,901447,361000.000,2023-05-23 11:55:06.000000,
6921,897112,440800.000,2023-05-20 17:33:59.000000,
6921,900138,603000.000,2023-05-22 17:39:53.000000,
6921,900349,446400.000,2023-05-22 21:23:48.000000,
6932,889691,281650.000,2023-05-16 16:18:58.000000,
6932,889729,453500.000,2023-05-16 16:52:57.000000,
6932,897650,1469500.000,2023-05-21 17:16:29.000000,
7129,904983,394500.000,2023-05-24 20:29:35.000000,
7129,911164,305500.000,2023-05-27 17:43:22.000000,
7397,893629,228500.000,2023-05-19 09:49:08.000000,
7397,902014,583300.000,2023-05-23 14:08:37.000000,
7524,912151,581300.000,2023-05-29 08:55:22.000000,
7622,861608,0.000,2023-05-04 07:38:32.000000,
7622,903884,741700.000,2023-05-24 11:35:46.000000,
7622,912190,1248300.000,2023-05-29 09:05:05.000000,
7623,863895,0.000,2023-05-04 14:53:17.000000,
7623,903417,575400.000,2023-05-24 10:11:15.000000,
7623,913398,270000.000,2023-05-29 13:02:53.000000,
7623,913423,185000.000,2023-05-29 13:09:39.000000,
7942,856485,4560000.000,2023-05-02 10:17:28.000000,
7942,864388,1326000.000,2023-05-04 20:59:06.000000,
7942,866616,1786000.000,2023-05-05 14:25:27.000000,
7942,876490,364300.000,2023-05-10 11:41:29.000000,
7942,883458,4560000.000,2023-05-13 10:24:33.000000,
7942,884913,1566000.000,2023-05-15 07:16:38.000000,
7942,887008,2687400.000,2023-05-15 15:27:59.000000,
7942,894327,1122000.000,2023-05-19 11:54:25.000000,
7942,895062,1791600.000,2023-05-19 15:04:20.000000,
7942,898325,5184500.000,2023-05-22 09:59:30.000000,
7942,898748,614500.000,2023-05-22 11:05:48.000000,
7942,903672,347000.000,2023-05-24 10:54:56.000000,
7942,913098,5470000.000,2023-05-29 11:57:16.000000,
8082,867246,189300.000,2023-05-06 00:11:02.000000,
8109,904693,640000.000,2023-05-24 15:20:07.000000,
8109,913849,779000.000,2023-05-29 14:46:26.000000,
8152,877586,632000.000,2023-05-10 18:11:14.000000,
8152,877879,400000.000,2023-05-11 06:56:30.000000,
8152,882751,17850000.000,2023-05-13 07:15:21.000000,
8152,902243,1440000.000,2023-05-23 14:59:48.000000,
8152,902250,1137500.000,2023-05-23 15:01:21.000000,
8152,902787,437500.000,2023-05-24 06:38:59.000000,
8152,910911,355200.000,2023-05-27 12:16:53.000000,
8188,900084,799900.000,2023-05-22 17:02:57.000000,
8406,899603,342000.000,2023-05-22 14:00:20.000000,
8406,911581,310000.000,2023-05-28 15:27:40.000000,
8429,887373,124500.000,2023-05-15 23:07:19.000000,
8429,889467,158000.000,2023-05-16 14:44:25.000000,
8429,901612,297000.000,2023-05-23 12:30:00.000000,
8429,904283,298000.000,2023-05-24 13:29:59.000000,
8429,906286,291000.000,2023-05-25 12:31:30.000000,
8429,913275,321750.000,2023-05-29 12:35:44.000000,
8552,887029,0.000,2023-05-15 15:48:53.000000,
8684,899928,358600.000,2023-05-22 15:34:07.000000,
8684,902693,1791000.000,2023-05-23 23:40:54.000000,
8893,902999,1994000.000,2023-05-24 08:23:49.000000,
8903,898627,1230000.000,2023-05-22 10:47:29.000000,
8903,911518,1027000.000,2023-05-28 12:59:34.000000,
9180,862198,323000.000,2023-05-04 09:51:01.000000,
9180,901279,305700.000,2023-05-23 11:17:41.000000,
9180,912535,197200.000,2023-05-29 10:19:06.000000,
9295,902656,510500.000,2023-05-23 21:42:19.000000,
9295,911820,1118200.000,2023-05-29 05:21:00.000000,
9484,869017,1597400.000,2023-05-06 13:55:25.000000,
9484,869915,2420000.000,2023-05-08 06:23:49.000000,
9484,896971,1116700.000,2023-05-20 14:29:12.000000,
9484,899153,1645500.000,2023-05-22 12:17:09.000000,
9484,899230,1645500.000,2023-05-22 12:35:57.000000,
9484,900400,1060800.000,2023-05-22 23:36:02.000000,
9484,900886,440200.000,2023-05-23 09:57:02.000000,
9484,900980,319800.000,2023-05-23 10:16:55.000000,
9484,903337,485500.000,2023-05-24 09:59:49.000000,
9484,903828,359000.000,2023-05-24 11:22:59.000000,
9484,911288,1879000.000,2023-05-28 04:42:30.000000,
9484,912204,627300.000,2023-05-29 09:09:31.000000,
9484,913786,103400.000,2023-05-29 14:31:50.000000,
9648,869834,13950000.000,2023-05-07 22:02:40.000000,
9648,888788,3299000.000,2023-05-16 12:15:42.000000,
9648,896558,5830000.000,2023-05-20 11:25:09.000000,
9733,872097,127600.000,2023-05-08 14:18:55.000000,
9733,900481,308500.000,2023-05-23 06:39:35.000000,
9733,903338,324500.000,2023-05-24 10:00:02.000000,
9733,904902,321000.000,2023-05-24 18:56:09.000000,
9733,911991,342500.000,2023-05-29 07:56:45.000000,
10032,900788,780000.000,2023-05-23 09:29:40.000000,
10032,912758,580000.000,2023-05-29 10:55:21.000000,
10076,869210,893000.000,2023-05-06 18:05:02.000000,
10076,884166,893000.000,2023-05-13 15:55:36.000000,
10076,900407,901800.000,2023-05-23 00:50:35.000000,
10076,913988,1119000.000,2023-05-29 15:48:32.000000,
10090,911394,870200.000,2023-05-28 10:04:48.000000,
10167,882978,641500.000,2023-05-13 08:42:14.000000,
10167,885133,654500.000,2023-05-15 08:42:02.000000,
10167,901216,300100.000,2023-05-23 11:04:20.000000,
10167,901657,437500.000,2023-05-23 12:43:56.000000,
10167,903204,861100.000,2023-05-24 09:41:12.000000,
10167,904909,530000.000,2023-05-24 19:01:27.000000,
10167,906121,209600.000,2023-05-25 11:46:17.000000,
10167,911559,373500.000,2023-05-28 14:35:18.000000,
10167,913857,433250.000,2023-05-29 14:47:54.000000,
10188,888898,478000.000,2023-05-16 12:50:13.000000,
10188,889023,1055000.000,2023-05-16 13:20:38.000000,
10188,904970,1361500.000,2023-05-24 20:12:51.000000,
10200,903754,1953400.000,2023-05-24 11:07:32.000000,
10415,887102,640500.000,2023-05-15 17:00:18.000000,
10415,915439,805700.000,2023-05-30 11:50:41.000000,
10417,880954,390000.000,2023-05-12 10:10:02.000000,
10988,901777,257500.000,2023-05-23 13:20:33.000000,
10988,913784,164200.000,2023-05-29 14:31:27.000000,
11011,902369,116000.000,2023-05-23 16:56:11.000000,
11012,868985,0.000,2023-05-06 13:28:49.000000,
11471,902925,1541000.000,2023-05-24 07:53:13.000000,
11471,911621,575500.000,2023-05-28 16:35:49.000000,
11616,903016,1246700.000,2023-05-24 08:28:33.000000,
11882,904892,355000.000,2023-05-24 18:47:56.000000,
12028,882008,400900.000,2023-05-12 14:27:32.000000,
12028,900574,576500.000,2023-05-23 08:00:38.000000,
12028,900637,376800.000,2023-05-23 08:29:40.000000,
12028,911878,320700.000,2023-05-29 06:44:28.000000,
12028,911955,342000.000,2023-05-29 07:36:01.000000,
12048,912710,1552500.000,2023-05-29 10:48:20.000000,
12259,862118,191500.000,2023-05-04 09:39:21.000000,
12310,897551,300000.000,2023-05-21 13:24:20.000000,
12310,899655,570500.000,2023-05-22 14:09:59.000000,
12310,899829,546000.000,2023-05-22 14:52:24.000000,
12310,904630,355000.000,2023-05-24 14:51:09.000000,
12310,912840,1626400.000,2023-05-29 11:11:32.000000,
12321,870161,4369000.000,2023-05-08 08:28:59.000000,
12321,913143,1960000.000,2023-05-29 12:05:21.000000,
12321,913194,790500.000,2023-05-29 12:18:08.000000,
12614,884396,2026700.000,2023-05-14 06:47:02.000000,
12730,892246,574250.000,2023-05-18 01:06:34.000000,
12730,902844,1137800.000,2023-05-24 07:18:11.000000,
12730,910134,860650.000,2023-05-27 09:12:46.000000,
12730,911807,417400.000,2023-05-29 01:34:44.000000,
12814,897197,864200.000,2023-05-20 19:43:27.000000,
12814,900376,2046800.000,2023-05-22 22:15:14.000000,
12814,904979,419000.000,2023-05-24 20:25:54.000000,
12814,907173,300200.000,2023-05-25 20:43:10.000000,
12814,907176,345000.000,2023-05-25 20:47:27.000000,
12814,907178,309000.000,2023-05-25 20:49:21.000000,
13018,901220,744000.000,2023-05-23 11:06:03.000000,
13097,900089,275700.000,2023-05-22 17:04:27.000000,
13097,902795,191400.000,2023-05-24 06:45:32.000000,
13097,912156,206000.000,2023-05-29 08:56:56.000000,
13103,897425,645000.000,2023-05-21 10:08:20.000000,
13103,902537,704300.000,2023-05-23 19:32:18.000000,
13365,858837,0.000,2023-05-02 21:07:49.000000,
13365,897667,1943450.000,2023-05-21 17:55:25.000000,
13365,900086,1251800.000,2023-05-22 17:03:14.000000,
13382,904566,329500.000,2023-05-24 14:37:03.000000,
13449,867986,4530000.000,2023-05-06 10:06:59.000000,
13449,872738,9295000.000,2023-05-08 22:08:31.000000,
13449,872741,1426000.000,2023-05-08 22:11:53.000000,
13449,876250,3090000.000,2023-05-10 10:57:37.000000,
13449,881934,6645000.000,2023-05-12 14:07:05.000000,
13449,886996,3880500.000,2023-05-15 15:19:00.000000,
13449,887292,3398000.000,2023-05-15 20:17:41.000000,
13449,894776,2800000.000,2023-05-19 13:50:42.000000,
13449,900313,12049000.000,2023-05-22 20:26:43.000000,
13449,901457,6300000.000,2023-05-23 11:56:06.000000,
13449,903031,490000.000,2023-05-24 08:34:47.000000,
13449,911780,1439000.000,2023-05-28 21:49:56.000000,
13449,913247,3624000.000,2023-05-29 12:29:05.000000,
13449,913439,8675000.000,2023-05-29 13:14:00.000000,
13501,902818,418000.000,2023-05-24 07:06:28.000000,
13501,915049,0.000,2023-05-30 10:26:10.000000,
13528,871988,1827500.000,2023-05-08 13:59:00.000000,
13528,904406,5535100.000,2023-05-24 13:59:57.000000,
13593,910964,321500.000,2023-05-27 12:54:39.000000,
13593,910969,321500.000,2023-05-27 12:56:31.000000,
13712,899710,1442500.000,2023-05-22 14:26:43.000000,
13712,903200,18300000.000,2023-05-24 09:40:34.000000,
13712,904397,1165500.000,2023-05-24 13:58:03.000000,
13756,900224,1383200.000,2023-05-22 19:00:04.000000,
13756,901010,457500.000,2023-05-23 10:23:03.000000,
13756,904900,2688800.000,2023-05-24 18:55:35.000000,
13756,904923,303000.000,2023-05-24 19:12:32.000000,
13909,865331,388900.000,2023-05-05 10:23:09.000000,
13909,900687,317500.000,2023-05-23 08:48:44.000000,
13994,903089,874100.000,2023-05-24 08:57:28.000000,
14185,855253,238000.000,2023-05-01 07:27:07.000000,
14185,888863,0.000,2023-05-16 12:39:35.000000,
14185,899410,357600.000,2023-05-22 13:21:37.000000,
14185,904404,144800.000,2023-05-24 13:59:26.000000,
14185,905167,143500.000,2023-05-25 07:12:53.000000,
14452,902723,365500.000,2023-05-24 04:03:34.000000,
14669,873030,1337300.000,2023-05-09 08:33:01.000000,
14669,912146,863000.000,2023-05-29 08:53:57.000000,
14935,888268,3220000.000,2023-05-16 10:30:56.000000,
14935,902978,432500.000,2023-05-24 08:16:45.000000,
14935,903043,103000.000,2023-05-24 08:42:20.000000,
14935,904930,327200.000,2023-05-24 19:22:57.000000,
14935,911037,413500.000,2023-05-27 14:06:41.000000,
14935,914919,2750000.000,2023-05-30 09:57:34.000000,
15229,892037,2229000.000,2023-05-17 17:29:48.000000,
15229,896948,914600.000,2023-05-20 13:54:02.000000,
15250,902457,350000.000,2023-05-23 18:21:53.000000,
15250,912199,318800.000,2023-05-29 09:08:37.000000,
15276,902715,715000.000,2023-05-24 03:03:10.000000,
15276,911848,1064900.000,2023-05-29 06:13:24.000000,
15542,897644,680500.000,2023-05-21 17:06:24.000000,
15758,911968,1582000.000,2023-05-29 07:43:36.000000,
16010,869201,642700.000,2023-05-06 17:43:49.000000,
16010,869387,685500.000,2023-05-07 07:12:07.000000,
16010,873542,569100.000,2023-05-09 10:20:58.000000,
16010,897711,857700.000,2023-05-21 19:27:36.000000,
16010,897715,346800.000,2023-05-21 19:30:52.000000,
16010,900211,1252400.000,2023-05-22 18:43:09.000000,
16010,901366,228100.000,2023-05-23 11:38:59.000000,
16010,903821,886800.000,2023-05-24 11:22:10.000000,
16010,911281,865000.000,2023-05-28 00:12:33.000000,
16010,912539,478000.000,2023-05-29 10:19:51.000000,
16093,900382,348600.000,2023-05-22 22:31:54.000000,
16093,900392,333800.000,2023-05-22 22:57:33.000000,
16093,900395,318500.000,2023-05-22 23:08:39.000000,
16093,902714,758000.000,2023-05-24 02:57:36.000000,
16093,902718,305900.000,2023-05-24 03:07:56.000000,
16093,911680,865100.000,2023-05-28 18:44:04.000000,
16241,881067,340500.000,2023-05-12 10:32:36.000000,
16241,882037,224500.000,2023-05-12 14:34:17.000000,
16241,886943,714700.000,2023-05-15 14:57:35.000000,
16241,899855,383600.000,2023-05-22 14:56:44.000000,
16241,901723,426000.000,2023-05-23 13:02:04.000000,
16241,903032,353800.000,2023-05-24 08:35:23.000000,
16241,911609,426000.000,2023-05-28 16:15:29.000000,
16241,911792,613900.000,2023-05-28 22:22:43.000000,
16406,906584,809200.000,2023-05-25 13:55:18.000000,
16482,901753,1488000.000,2023-05-23 13:15:10.000000,
16482,901951,900500.000,2023-05-23 13:57:01.000000,
16482,911762,883700.000,2023-05-28 21:15:06.000000,
16482,913841,180500.000,2023-05-29 14:44:33.000000,
16523,871642,1576700.000,2023-05-08 12:54:52.000000,
16523,871655,455000.000,2023-05-08 12:57:29.000000,
16523,871658,455000.000,2023-05-08 12:57:58.000000,
16523,871701,305800.000,2023-05-08 13:05:29.000000,
16523,885470,801500.000,2023-05-15 09:54:50.000000,
16523,903035,803000.000,2023-05-24 08:40:36.000000,
16637,904589,107600.000,2023-05-24 14:41:13.000000,
16777,898182,422000.000,2023-05-22 09:36:44.000000,
16777,904643,221000.000,2023-05-24 14:54:30.000000,
16921,911646,906500.000,2023-05-28 17:51:18.000000,
16923,896877,317500.000,2023-05-20 12:54:24.000000,
16923,906796,1144000.000,2023-05-25 14:58:39.000000,
16942,871418,0.000,2023-05-08 12:11:52.000000,
16942,902124,233600.000,2023-05-23 14:36:40.000000,
16942,903272,825900.000,2023-05-24 09:49:05.000000,
17484,900112,515100.000,2023-05-22 17:23:31.000000,
17484,913719,710850.000,2023-05-29 14:17:33.000000,
17533,897388,510270.000,2023-05-21 09:19:34.000000,
17798,859594,0.000,2023-05-03 09:55:54.000000,
17798,880248,458850.000,2023-05-11 22:09:19.000000,
17798,897143,273500.000,2023-05-20 18:26:44.000000,
17798,902331,352400.000,2023-05-23 16:07:01.000000,
17798,904753,366500.000,2023-05-24 16:12:55.000000,
17798,911063,333300.000,2023-05-27 14:33:21.000000,
17987,880156,3330500.000,2023-05-11 19:35:57.000000,
17987,884705,2795600.000,2023-05-14 18:43:18.000000,
17987,884711,378200.000,2023-05-14 18:54:48.000000,
17987,890744,3754900.000,2023-05-17 10:37:06.000000,
17987,897471,2498200.000,2023-05-21 11:11:49.000000,
17987,897539,305800.000,2023-05-21 13:03:55.000000,
17987,898687,2407100.000,2023-05-22 10:57:35.000000,
17987,900199,2821600.000,2023-05-22 18:30:59.000000,
17987,900897,1473900.000,2023-05-23 09:59:36.000000,
17987,903644,5055800.000,2023-05-24 10:48:39.000000,
17987,903907,1397500.000,2023-05-24 11:40:35.000000,
17987,903990,437500.000,2023-05-24 11:57:56.000000,
17987,904434,546300.000,2023-05-24 14:06:37.000000,
17987,907103,2442800.000,2023-05-25 18:56:15.000000,
17987,909700,954100.000,2023-05-27 07:08:09.000000,
17987,911332,2462000.000,2023-05-28 07:48:08.000000,
17987,912133,2172100.000,2023-05-29 08:46:58.000000,
17987,912276,1049000.000,2023-05-29 09:29:49.000000,
17987,914028,3180300.000,2023-05-29 16:17:07.000000,
18016,902094,1548500.000,2023-05-23 14:29:36.000000,
18223,887784,1785600.000,2023-05-16 09:15:31.000000,
18223,911551,960200.000,2023-05-28 14:13:59.000000,
18400,913606,198000.000,2023-05-29 13:54:44.000000,
19087,880360,468500.000,2023-05-12 06:33:39.000000,
19087,900364,502350.000,2023-05-22 21:46:52.000000,
19087,911416,909200.000,2023-05-28 10:30:45.000000,
19329,902827,958000.000,2023-05-24 07:09:12.000000,
19457,869386,0.000,2023-05-07 07:11:19.000000,
19457,887593,971000.000,2023-05-16 07:54:54.000000,
19457,888192,690000.000,2023-05-16 10:19:21.000000,
19457,897312,649200.000,2023-05-21 06:41:05.000000,
19457,904258,423000.000,2023-05-24 13:23:41.000000,
19457,911956,390000.000,2023-05-29 07:36:27.000000,
19705,911539,166900.000,2023-05-28 13:51:54.000000,
19781,872760,2592600.000,2023-05-08 22:47:44.000000,
19781,872763,806000.000,2023-05-08 22:58:34.000000,
19781,884391,1200800.000,2023-05-14 06:26:39.000000,
19781,887024,387500.000,2023-05-15 15:46:22.000000,
19781,888648,961000.000,2023-05-16 11:42:28.000000,
19781,897268,464000.000,2023-05-20 23:07:21.000000,
19781,899873,386500.000,2023-05-22 14:59:59.000000,
19781,902921,978200.000,2023-05-24 07:50:22.000000,
19781,902963,884600.000,2023-05-24 08:12:22.000000,
19781,908250,2101100.000,2023-05-26 11:04:45.000000,
19781,911481,358000.000,2023-05-28 11:56:36.000000,
19781,911799,665000.000,2023-05-28 23:42:46.000000,
19781,912092,6835000.000,2023-05-29 08:33:17.000000,
19781,913349,799500.000,2023-05-29 12:51:37.000000,
20116,876659,330000.000,2023-05-10 12:17:05.000000,
20116,901917,301600.000,2023-05-23 13:50:06.000000,
20116,904518,357000.000,2023-05-24 14:25:15.000000,
20479,884275,0.000,2023-05-13 19:42:57.000000,
20479,899457,0.000,2023-05-22 13:30:50.000000,
20479,903674,719800.000,2023-05-24 10:55:02.000000,
20479,913308,856200.000,2023-05-29 12:43:03.000000,
20498,900652,1916700.000,2023-05-23 08:35:27.000000,
20498,911667,913900.000,2023-05-28 18:23:06.000000,
20710,911842,1122000.000,2023-05-29 06:08:19.000000,
20897,887634,2940800.000,2023-05-16 08:12:29.000000,
20897,911418,1267000.000,2023-05-28 10:38:02.000000,
20970,897489,1557000.000,2023-05-21 11:39:04.000000,
20970,897536,1243000.000,2023-05-21 12:56:24.000000,
20970,903611,2308000.000,2023-05-24 10:44:15.000000,
20970,911371,2084000.000,2023-05-28 09:21:57.000000,
21007,904088,2238200.000,2023-05-24 12:22:47.000000,
21305,911230,1042200.000,2023-05-27 20:43:52.000000,
21308,869071,0.000,2023-05-06 14:34:35.000000,
21308,897272,816300.000,2023-05-20 23:23:23.000000,
21308,900564,803100.000,2023-05-23 07:56:37.000000,
21542,897827,1001400.000,2023-05-22 01:15:16.000000,
21542,900401,180700.000,2023-05-22 23:42:43.000000,
21542,900406,362100.000,2023-05-23 00:06:10.000000,
21999,912836,2075700.000,2023-05-29 11:10:34.000000,
22283,911021,2355500.000,2023-05-27 13:46:15.000000,
22999,902713,283200.000,2023-05-24 02:56:27.000000,
22999,911420,340100.000,2023-05-28 10:39:42.000000,
22999,911456,134500.000,2023-05-28 11:27:03.000000,
23029,899150,4768500.000,2023-05-22 12:16:34.000000,
23592,903762,1047400.000,2023-05-24 11:10:06.000000,
23985,898453,435000.000,2023-05-22 10:19:33.000000,
24209,913359,308000.000,2023-05-29 12:54:11.000000,
24536,885778,2717500.000,2023-05-15 10:50:12.000000,
24627,859341,401000.000,2023-05-03 09:07:53.000000,
24627,886661,895800.000,2023-05-15 13:52:20.000000,
24627,886670,895800.000,2023-05-15 13:54:13.000000,
24627,901554,579200.000,2023-05-23 12:16:00.000000,
24627,913448,389400.000,2023-05-29 13:17:32.000000,
24861,859365,1108300.000,2023-05-03 09:17:31.000000,
24861,869551,234000.000,2023-05-07 11:50:55.000000,
24861,872335,973000.000,2023-05-08 14:57:21.000000,
24861,897727,416500.000,2023-05-21 19:51:15.000000,
24861,910510,1326800.000,2023-05-27 10:39:32.000000,
24957,903855,1104000.000,2023-05-24 11:28:11.000000,
24957,913764,2764900.000,2023-05-29 14:26:12.000000,
25026,911017,778300.000,2023-05-27 13:42:05.000000,
25058,911408,929300.000,2023-05-28 10:22:00.000000,
25104,902504,320000.000,2023-05-23 19:07:59.000000,
25175,901485,231400.000,2023-05-23 12:01:41.000000,
25175,903290,323000.000,2023-05-24 09:50:57.000000,
25180,868897,671600.000,2023-05-06 12:38:00.000000,
25180,869806,744100.000,2023-05-07 20:40:49.000000,
25180,902926,935300.000,2023-05-24 07:54:07.000000,
25233,867037,0.000,2023-05-05 17:17:15.000000,
25233,886981,397500.000,2023-05-15 15:11:25.000000,
25233,896895,364500.000,2023-05-20 13:15:28.000000,
25233,902565,320000.000,2023-05-23 20:10:43.000000,
26748,869193,578300.000,2023-05-06 17:32:43.000000,
26748,884099,667200.000,2023-05-13 14:11:07.000000,
26748,885893,600800.000,2023-05-15 11:12:49.000000,
26748,902586,432300.000,2023-05-23 20:31:02.000000,
26748,902634,615150.000,2023-05-23 21:14:25.000000,
26748,903121,815400.000,2023-05-24 09:05:27.000000,
26748,913597,309500.000,2023-05-29 13:50:34.000000,
27159,873384,1786000.000,2023-05-09 09:55:12.000000,
27162,910887,161200.000,2023-05-27 12:01:39.000000,
27561,904600,1804000.000,2023-05-24 14:42:28.000000,
27561,904661,1917600.000,2023-05-24 14:59:31.000000,
27561,912472,1257500.000,2023-05-29 10:10:23.000000,
28511,899711,403300.000,2023-05-22 14:26:55.000000,
28511,904933,301500.000,2023-05-24 19:26:52.000000,
28511,911997,309800.000,2023-05-29 07:58:18.000000,
28642,902235,1065700.000,2023-05-23 14:58:39.000000,
28687,900912,541600.000,2023-05-23 10:02:39.000000,
28888,902658,918000.000,2023-05-23 21:45:40.000000,
28959,903167,333000.000,2023-05-24 09:33:50.000000,
28959,903239,839000.000,2023-05-24 09:44:24.000000,
29023,911663,607500.000,2023-05-28 18:16:11.000000,
29023,911671,343500.000,2023-05-28 18:29:45.000000,
29049,902996,800300.000,2023-05-24 08:22:17.000000,
29049,911833,538800.000,2023-05-29 05:54:57.000000,
29049,912255,334800.000,2023-05-29 09:25:10.000000,
29502,902748,279000.000,2023-05-24 05:25:35.000000,
29505,901123,554000.000,2023-05-23 10:46:10.000000,
29505,903771,682200.000,2023-05-24 11:11:21.000000,
29505,911025,878200.000,2023-05-27 13:51:29.000000,
31052,911851,479700.000,2023-05-29 06:18:13.000000,
31596,901031,569500.000,2023-05-23 10:26:08.000000,
31842,903891,223300.000,2023-05-24 11:37:10.000000,
32027,902307,912000.000,2023-05-23 15:48:40.000000,
32027,902544,627000.000,2023-05-23 19:40:13.000000,
32027,909526,0.000,2023-05-26 21:57:08.000000,
32085,911007,259900.000,2023-05-27 13:34:59.000000,
32279,897635,307500.000,2023-05-21 16:48:08.000000,
32279,900030,330500.000,2023-05-22 16:34:18.000000,
32279,911676,360800.000,2023-05-28 18:41:45.000000,
32489,892913,0.000,2023-05-18 19:50:37.000000,
32928,913625,899300.000,2023-05-29 13:59:52.000000,
33483,898533,1068100.000,2023-05-22 10:31:54.000000,
33483,913605,1147300.000,2023-05-29 13:54:39.000000,
33568,898417,701000.000,2023-05-22 10:13:34.000000,
33568,902854,928200.000,2023-05-24 07:21:55.000000,
33582,873572,370000.000,2023-05-09 10:25:52.000000,
33686,900677,0.000,2023-05-23 08:45:12.000000,
35271,902441,347200.000,2023-05-23 18:04:48.000000,
35271,906733,817000.000,2023-05-25 14:40:01.000000,
35271,906808,816900.000,2023-05-25 15:09:24.000000,
35271,911187,302900.000,2023-05-27 18:36:32.000000,
35405,904804,594100.000,2023-05-24 16:53:29.000000,
35405,914024,387000.000,2023-05-29 16:14:12.000000,
35485,900060,565700.000,2023-05-22 16:52:17.000000,
35781,912142,673500.000,2023-05-29 08:52:51.000000,
36363,866872,405000.000,2023-05-05 15:19:31.000000,
36363,866913,405000.000,2023-05-05 15:59:28.000000,
36631,861317,0.000,2023-05-03 19:20:59.000000,
36631,900329,779600.000,2023-05-22 20:51:45.000000,
36677,911984,2084000.000,2023-05-29 07:52:34.000000,
36789,869931,355000.000,2023-05-08 06:43:00.000000,
36789,880355,464400.000,2023-05-12 06:29:10.000000,
36789,900477,463400.000,2023-05-23 06:36:49.000000,
36789,902791,564700.000,2023-05-24 06:42:44.000000,
36789,911922,452200.000,2023-05-29 07:18:01.000000,
37381,863155,3150000.000,2023-05-04 12:34:25.000000,
37428,896782,855600.000,2023-05-20 12:04:33.000000,
37428,901567,437500.000,2023-05-23 12:18:33.000000,
37428,904047,801300.000,2023-05-24 12:10:00.000000,
37428,904878,893100.000,2023-05-24 18:31:11.000000,
37472,902484,382400.000,2023-05-23 18:54:48.000000,
37472,904939,433900.000,2023-05-24 19:37:41.000000,
37472,910928,237000.000,2023-05-27 12:29:03.000000,
38302,886969,107900.000,2023-05-15 15:03:29.000000,
38302,898057,314650.000,2023-05-22 08:45:37.000000,
38302,900336,330800.000,2023-05-22 20:58:16.000000,
38302,900340,320500.000,2023-05-22 21:01:52.000000,
38302,901766,306700.000,2023-05-23 13:18:31.000000,
38302,902870,303700.000,2023-05-24 07:28:19.000000,
38302,904926,302800.000,2023-05-24 19:19:40.000000,
38302,912853,513200.000,2023-05-29 11:13:56.000000,
38354,896975,20781900.000,2023-05-20 14:34:59.000000,
38354,899674,2513900.000,2023-05-22 14:15:03.000000,
38354,902683,7037200.000,2023-05-23 22:49:08.000000,
38354,911508,6317500.000,2023-05-28 12:43:31.000000,
38445,902700,3247200.000,2023-05-24 00:13:16.000000,
38733,900954,471800.000,2023-05-23 10:11:41.000000,
38733,904958,342000.000,2023-05-24 19:55:00.000000,
39227,889434,592000.000,2023-05-16 14:39:53.000000,
39227,897137,841100.000,2023-05-20 18:18:53.000000,
39227,899450,134000.000,2023-05-22 13:29:01.000000,
39227,902208,316100.000,2023-05-23 14:52:44.000000,
39227,906450,1158200.000,2023-05-25 13:20:44.000000,
39227,913738,554000.000,2023-05-29 14:20:16.000000,
39275,899946,299200.000,2023-05-22 15:45:07.000000,
39275,902455,311800.000,2023-05-23 18:19:58.000000,
39428,903589,119800.000,2023-05-24 10:39:54.000000,
40214,901314,816700.000,2023-05-23 11:24:50.000000,
40214,911203,1077600.000,2023-05-27 19:21:15.000000,
40284,913604,340400.000,2023-05-29 13:54:05.000000,
40408,900259,969300.000,2023-05-22 19:26:34.000000,
40609,896798,1249200.000,2023-05-20 12:09:56.000000,
40609,901575,466000.000,2023-05-23 12:20:26.000000,
40609,904010,841200.000,2023-05-24 12:02:46.000000,
40609,904074,666500.000,2023-05-24 12:16:26.000000,
40933,900880,736500.000,2023-05-23 09:55:02.000000,
40933,904537,806700.000,2023-05-24 14:31:22.000000,
41102,913698,567000.000,2023-05-29 14:13:32.000000,
41601,897171,750000.000,2023-05-20 19:06:22.000000,
41601,899706,606500.000,2023-05-22 14:26:28.000000,
41601,902430,415500.000,2023-05-23 17:54:15.000000,
41601,904786,351900.000,2023-05-24 16:38:43.000000,
41601,912775,352200.000,2023-05-29 10:58:53.000000,
41713,874148,807400.000,2023-05-09 12:17:58.000000,
41713,880203,573900.000,2023-05-11 20:50:47.000000,
41713,880223,120000.000,2023-05-11 21:16:17.000000,
41713,882146,273300.000,2023-05-12 14:58:44.000000,
41713,899319,536400.000,2023-05-22 13:03:06.000000,
41713,900082,453900.000,2023-05-22 17:02:38.000000,
41713,900162,402000.000,2023-05-22 18:01:14.000000,
41713,900177,316500.000,2023-05-22 18:08:34.000000,
41713,900180,319500.000,2023-05-22 18:13:16.000000,
41713,900239,315500.000,2023-05-22 19:12:03.000000,
41713,900251,339500.000,2023-05-22 19:20:25.000000,
41713,900258,348500.000,2023-05-22 19:25:47.000000,
41713,900263,323000.000,2023-05-22 19:29:33.000000,
41713,904699,478500.000,2023-05-24 15:29:21.000000,
41713,911263,575400.000,2023-05-27 21:44:34.000000,
41787,900405,455000.000,2023-05-22 23:57:04.000000,
41787,911717,206000.000,2023-05-28 19:59:44.000000,
41812,872322,4035000.000,2023-05-08 14:56:09.000000,
41812,889898,0.000,2023-05-16 18:44:59.000000,
41812,900437,2111500.000,2023-05-23 05:40:22.000000,
41812,900638,526000.000,2023-05-23 08:30:18.000000,
41812,911705,3050000.000,2023-05-28 19:25:28.000000,
42299,865160,494000.000,2023-05-05 09:55:15.000000,
42299,893605,578000.000,2023-05-19 09:44:39.000000,
42299,897274,959700.000,2023-05-20 23:31:48.000000,
42299,905422,455000.000,2023-05-25 09:14:05.000000,
42299,906961,1040000.000,2023-05-25 16:34:37.000000,
42299,911266,5680200.000,2023-05-27 21:58:37.000000,
42299,912000,820000.000,2023-05-29 07:59:31.000000,
42299,912013,410000.000,2023-05-29 08:03:51.000000,
42299,912029,4105000.000,2023-05-29 08:11:53.000000,
42299,913598,2243000.000,2023-05-29 13:50:36.000000,
42862,897455,1087000.000,2023-05-21 10:50:50.000000,
42888,903839,550000.000,2023-05-24 11:25:53.000000,
42888,904493,371000.000,2023-05-24 14:19:37.000000,
42888,904868,354000.000,2023-05-24 18:23:28.000000,
42888,910988,361000.000,2023-05-27 13:14:44.000000,
42888,911510,305000.000,2023-05-28 12:46:12.000000,
43119,912577,472700.000,2023-05-29 10:22:24.000000,
43177,902892,555200.000,2023-05-24 07:36:39.000000,
43240,906610,1016200.000,2023-05-25 14:03:22.000000,
43240,913581,819500.000,2023-05-29 13:46:42.000000,
43653,869053,479500.000,2023-05-06 14:22:38.000000,
43653,873879,403600.000,2023-05-09 11:29:11.000000,
43653,884585,9120000.000,2023-05-14 12:50:02.000000,
43653,884589,9120000.000,2023-05-14 13:00:50.000000,
43653,884702,4560000.000,2023-05-14 18:37:51.000000,
43653,902989,804300.000,2023-05-24 08:19:42.000000,
43653,904038,4618100.000,2023-05-24 12:07:51.000000,
43653,912487,346000.000,2023-05-29 10:12:08.000000,
44209,883353,605000.000,2023-05-13 10:07:06.000000,
44209,891352,249200.000,2023-05-17 13:08:02.000000,
44209,898865,645000.000,2023-05-22 11:23:19.000000,
44209,900316,521550.000,2023-05-22 20:32:16.000000,
44209,901503,188000.000,2023-05-23 12:04:04.000000,
44209,910802,239600.000,2023-05-27 11:41:49.000000,
44376,899826,1076000.000,2023-05-22 14:51:15.000000,
44376,902773,529850.000,2023-05-24 06:19:11.000000,
44376,913372,1832600.000,2023-05-29 12:57:36.000000,
44382,909105,605100.000,2023-05-26 14:53:36.000000,
44607,902274,471500.000,2023-05-23 15:12:56.000000,
44607,903686,3958200.000,2023-05-24 10:56:51.000000,
44607,911272,2375600.000,2023-05-27 22:29:32.000000,
44637,898633,335500.000,2023-05-22 10:48:19.000000,
44663,897170,889200.000,2023-05-20 18:57:46.000000,
44663,911127,872600.000,2023-05-27 15:56:20.000000,
45071,900148,798400.000,2023-05-22 17:47:46.000000,
45071,912460,1064250.000,2023-05-29 10:06:57.000000,
45071,914978,714500.000,2023-05-30 10:10:38.000000,
45251,902624,228400.000,2023-05-23 21:04:23.000000,
45251,911709,197300.000,2023-05-28 19:30:30.000000,
45344,901217,134000.000,2023-05-23 11:04:26.000000,
45344,903847,137550.000,2023-05-24 11:27:03.000000,
45500,911404,899850.000,2023-05-28 10:14:49.000000,
45500,911410,851450.000,2023-05-28 10:24:08.000000,
45500,911415,384000.000,2023-05-28 10:30:27.000000,
45793,887126,302500.000,2023-05-15 17:16:51.000000,
45793,900414,333000.000,2023-05-23 03:55:18.000000,
45995,897400,888000.000,2023-05-21 09:31:40.000000,
45995,900113,604600.000,2023-05-22 17:23:35.000000,
45995,904852,813800.000,2023-05-24 17:58:41.000000,
45995,911775,1079400.000,2023-05-28 21:43:25.000000,
46530,911202,394800.000,2023-05-27 19:19:55.000000,
46802,903281,804500.000,2023-05-24 09:49:48.000000,
46802,911936,2130500.000,2023-05-29 07:27:24.000000,
46819,900379,870300.000,2023-05-22 22:21:07.000000,
46819,916448,0.000,2023-05-30 19:27:54.000000,
46835,902082,389500.000,2023-05-23 14:25:12.000000,
46835,911506,519700.000,2023-05-28 12:41:35.000000,
46835,912316,389400.000,2023-05-29 09:37:40.000000,
46835,912870,817000.000,2023-05-29 11:18:18.000000,
47081,911715,100100.000,2023-05-28 19:56:54.000000,
47229,881443,881350.000,2023-05-12 11:54:44.000000,
47229,900026,617550.000,2023-05-22 16:32:02.000000,
47229,904330,446600.000,2023-05-24 13:38:18.000000,
47229,911466,421800.000,2023-05-28 11:37:32.000000,
47305,904838,445300.000,2023-05-24 17:35:16.000000,
47380,899683,457600.000,2023-05-22 14:18:59.000000,
47380,904891,0.000,2023-05-24 18:46:17.000000,
47380,911548,505000.000,2023-05-28 14:10:11.000000,
47402,865213,249700.000,2023-05-05 10:02:26.000000,
47402,877665,201900.000,2023-05-10 19:41:14.000000,
47402,878113,266500.000,2023-05-11 08:44:05.000000,
47402,878270,130000.000,2023-05-11 09:26:06.000000,
47402,898832,342000.000,2023-05-22 11:17:34.000000,
47402,904318,177500.000,2023-05-24 13:36:32.000000,
47402,912123,174400.000,2023-05-29 08:44:40.000000,
47485,879911,0.000,2023-05-11 15:42:36.000000,
47485,900442,954200.000,2023-05-23 05:50:02.000000,
47655,900029,372100.000,2023-05-22 16:33:57.000000,
47655,912674,312400.000,2023-05-29 10:41:56.000000,
48387,880132,1008200.000,2023-05-11 19:11:40.000000,
48387,902861,1045700.000,2023-05-24 07:23:56.000000,
48634,902268,682500.000,2023-05-23 15:09:41.000000,
48748,911472,655000.000,2023-05-28 11:46:45.000000,
48941,868107,589000.000,2023-05-06 10:31:18.000000,
48941,872084,467000.000,2023-05-08 14:17:03.000000,
48941,873548,396000.000,2023-05-09 10:21:50.000000,
48941,897157,342000.000,2023-05-20 18:40:52.000000,
48941,897680,247500.000,2023-05-21 18:23:26.000000,
48941,911797,399200.000,2023-05-28 23:22:16.000000,
49076,902643,1501600.000,2023-05-23 21:29:11.000000,
49076,902650,466500.000,2023-05-23 21:33:58.000000,
49076,912159,1707100.000,2023-05-29 08:57:08.000000,
49076,912175,390300.000,2023-05-29 09:01:45.000000,
49913,885593,615000.000,2023-05-15 10:18:49.000000,
49913,899443,3773800.000,2023-05-22 13:27:42.000000,
49913,911811,1872000.000,2023-05-29 03:08:50.000000,
49913,912302,670650.000,2023-05-29 09:34:52.000000,
49913,915955,0.000,2023-05-30 14:11:41.000000,
50085,900410,522000.000,2023-05-23 02:07:15.000000,
50085,900411,457500.000,2023-05-23 02:09:27.000000,
50085,900412,535000.000,2023-05-23 02:11:37.000000,
50085,902742,595500.000,2023-05-24 05:12:23.000000,
50085,902744,319500.000,2023-05-24 05:18:50.000000,
50085,902745,319500.000,2023-05-24 05:20:39.000000,
50085,902746,345000.000,2023-05-24 05:22:45.000000,
50085,902747,309000.000,2023-05-24 05:24:16.000000,
50222,911307,1983900.000,2023-05-28 06:55:36.000000,
50532,901138,992000.000,2023-05-23 10:49:53.000000,
50532,912877,998400.000,2023-05-29 11:19:57.000000,
50592,900773,1345600.000,2023-05-23 09:26:58.000000,
50592,911496,2189700.000,2023-05-28 12:22:14.000000,
50592,912843,237500.000,2023-05-29 11:12:18.000000,
50665,897658,819300.000,2023-05-21 17:32:51.000000,
50767,867385,118300.000,2023-05-06 06:47:50.000000,
50767,895725,314100.000,2023-05-20 08:34:18.000000,
50767,901709,521750.000,2023-05-23 12:58:25.000000,
50767,912390,293000.000,2023-05-29 09:53:29.000000,
50777,910975,692200.000,2023-05-27 13:01:30.000000,
51119,902588,525000.000,2023-05-23 20:31:50.000000,
51119,911735,326800.000,2023-05-28 20:30:02.000000,
51264,900097,331000.000,2023-05-22 17:07:44.000000,
51264,904690,305000.000,2023-05-24 15:18:55.000000,
51264,911302,745100.000,2023-05-28 06:42:18.000000,
51279,880267,104600.000,2023-05-11 23:01:33.000000,
51279,894654,422500.000,2023-05-19 13:19:37.000000,
51279,905051,809999.994,2023-05-24 23:00:08.000000,
51279,905052,1744000.000,2023-05-24 23:04:06.000000,
51279,905055,1137100.000,2023-05-24 23:17:28.000000,
51346,897703,1729500.000,2023-05-21 19:12:57.000000,
51353,884194,444000.000,2023-05-13 16:49:12.000000,
51353,884200,655500.000,2023-05-13 17:04:38.000000,
51353,884222,1792400.000,2023-05-13 17:53:57.000000,
51353,884232,1938000.000,2023-05-13 18:08:07.000000,
51353,899357,849500.000,2023-05-22 13:12:40.000000,
51353,902313,2650000.000,2023-05-23 15:51:39.000000,
51353,902603,444000.000,2023-05-23 20:41:32.000000,
51353,902832,814800.000,2023-05-24 07:10:41.000000,
51353,913183,530000.000,2023-05-29 12:16:30.000000,
51451,911271,869300.000,2023-05-27 22:24:35.000000,
51484,868997,378900.000,2023-05-06 13:42:09.000000,
51484,896070,824500.000,2023-05-20 09:53:50.000000,
51484,902108,311700.000,2023-05-23 14:32:10.000000,
51484,913673,420700.000,2023-05-29 14:08:35.000000,
51587,896887,1065900.000,2023-05-20 13:01:05.000000,
51587,897323,303400.000,2023-05-21 07:06:27.000000,
51725,912018,202000.000,2023-05-29 08:06:38.000000,
51914,886974,328700.000,2023-05-15 15:06:37.000000,
51914,902453,558700.000,2023-05-23 18:15:36.000000,
51914,914341,666700.000,2023-05-30 01:48:13.000000,
52158,870142,288800.000,2023-05-08 08:19:40.000000,
52158,902848,314200.000,2023-05-24 07:19:58.000000,
52398,900635,761700.000,2023-05-23 08:27:32.000000,
52657,901834,744000.000,2023-05-23 13:30:51.000000,
52668,902343,1394000.000,2023-05-23 16:22:59.000000,
52829,860346,0.000,2023-05-03 12:18:18.000000,
52829,896820,793900.000,2023-05-20 12:21:50.000000,
52829,901633,1054950.000,2023-05-23 12:38:57.000000,
52829,902525,601000.000,2023-05-23 19:23:29.000000,
52829,910101,850950.000,2023-05-27 09:03:57.000000,
53041,902831,189300.000,2023-05-24 07:10:37.000000,
53080,899040,333400.000,2023-05-22 11:54:23.000000,
53129,914938,841300.000,2023-05-30 10:01:22.000000,
53166,913630,358500.000,2023-05-29 14:01:14.000000,
53317,900744,517800.000,2023-05-23 09:16:23.000000,
53317,913829,492200.000,2023-05-29 14:41:56.000000,
53438,862339,0.000,2023-05-04 10:09:54.000000,
53438,884581,0.000,2023-05-14 12:31:31.000000,
53438,900035,0.000,2023-05-22 16:36:18.000000,
53598,869024,413500.000,2023-05-06 14:02:02.000000,
53598,906039,645400.000,2023-05-25 11:26:18.000000,
53951,912074,340000.000,2023-05-29 08:26:37.000000,
53962,911442,202700.000,2023-05-28 11:07:10.000000,
54150,901541,131200.000,2023-05-23 12:10:57.000000,
54150,904208,132700.000,2023-05-24 13:07:48.000000,
54150,913413,116700.000,2023-05-29 13:06:45.000000,
54350,871369,1371600.000,2023-05-08 12:01:37.000000,
54350,884236,1237850.000,2023-05-13 18:17:02.000000,
54350,889699,245500.000,2023-05-16 16:25:23.000000,
54350,896982,580200.000,2023-05-20 14:38:21.000000,
54350,904255,306300.000,2023-05-24 13:22:57.000000,
54350,904829,348000.000,2023-05-24 17:19:14.000000,
54350,913160,390500.000,2023-05-29 12:09:44.000000,
54360,900937,484650.000,2023-05-23 10:07:39.000000,
54679,900997,250600.000,2023-05-23 10:19:18.000000,
54679,904918,326100.000,2023-05-24 19:08:37.000000,
54679,911453,305500.000,2023-05-28 11:23:12.000000,
54763,881266,289300.000,2023-05-12 11:15:18.000000,
54763,897341,979000.000,2023-05-21 07:42:35.000000,
54763,901312,885700.000,2023-05-23 11:24:15.000000,
54763,911303,1157600.000,2023-05-28 06:43:41.000000,
54906,884481,1803000.000,2023-05-14 09:56:44.000000,
54906,902929,1521000.000,2023-05-24 07:54:52.000000,
54906,903071,1272200.000,2023-05-24 08:51:24.000000,
54906,912370,1501000.000,2023-05-29 09:50:25.000000,
55199,900171,253900.000,2023-05-22 18:06:37.000000,
55510,904743,124500.000,2023-05-24 16:01:04.000000,
55510,911654,115000.000,2023-05-28 18:00:33.000000,
55636,900444,463000.000,2023-05-23 05:52:45.000000,
55636,902828,817500.000,2023-05-24 07:09:59.000000,
91641,870122,320050.000,2023-05-08 08:13:38.000000,
91641,900154,477500.000,2023-05-22 17:51:30.000000,
91641,900418,315000.000,2023-05-23 04:33:53.000000,
91641,901210,309000.000,2023-05-23 11:03:53.000000,
91641,901577,343500.000,2023-05-23 12:21:04.000000,
91641,902721,310200.000,2023-05-24 03:53:20.000000,
91641,911493,424300.000,2023-05-28 12:17:30.000000,
91936,858631,0.000,2023-05-02 17:43:27.000000,
91936,863607,18240000.000,2023-05-04 13:54:57.000000,
91936,870096,6596000.000,2023-05-08 08:07:24.000000,
91936,872877,10547500.000,2023-05-09 07:00:42.000000,
91936,892833,1418000.000,2023-05-18 17:18:35.000000,
91936,892837,643000.000,2023-05-18 17:25:23.000000,
91936,892843,2813500.000,2023-05-18 17:40:11.000000,
91936,892848,440000.000,2023-05-18 17:58:58.000000,
91936,896842,1080100.000,2023-05-20 12:36:23.000000,
91936,899830,460000.000,2023-05-22 14:52:45.000000,
91936,900558,4300500.000,2023-05-23 07:50:50.000000,
91936,900573,1935000.000,2023-05-23 08:00:36.000000,
91936,900629,376500.000,2023-05-23 08:25:38.000000,
91936,903513,1043400.000,2023-05-24 10:25:38.000000,
91936,903833,1250000.000,2023-05-24 11:23:49.000000,
91936,904345,1815000.000,2023-05-24 13:41:19.000000,
91949,902990,698000.000,2023-05-24 08:19:43.000000,
92025,896482,347000.000,2023-05-20 11:09:51.000000,
92025,896560,117000.000,2023-05-20 11:25:49.000000,
92025,896638,115000.000,2023-05-20 11:36:53.000000,
92025,911683,1278000.000,2023-05-28 18:56:09.000000,
92545,866868,427000.000,2023-05-05 15:17:04.000000,
92545,883262,121000.000,2023-05-13 09:52:49.000000,
92545,891684,950001.000,2023-05-17 14:29:12.000000,
92545,897146,1168200.000,2023-05-20 18:32:35.000000,
92545,897148,7300200.000,2023-05-20 18:33:13.000000,
92545,897152,1387100.000,2023-05-20 18:37:46.000000,
92545,897153,7300100.000,2023-05-20 18:38:28.000000,
92545,898794,424000.000,2023-05-22 11:11:46.000000,
92545,914173,472000.000,2023-05-29 18:40:49.000000,
92576,903711,811100.000,2023-05-24 11:00:04.000000,
92599,898536,392200.000,2023-05-22 10:32:06.000000,
92807,900161,372700.000,2023-05-22 17:59:31.000000,
92807,903748,331800.000,2023-05-24 11:06:57.000000,
92995,902260,156900.000,2023-05-23 15:04:09.000000,
93035,912857,423000.000,2023-05-29 11:15:05.000000,
93079,866614,894000.000,2023-05-05 14:25:18.000000,
93079,905019,111265500.000,2023-05-24 21:18:01.000000,
93079,906136,365000.000,2023-05-25 11:51:30.000000,
93079,906491,0.000,2023-05-25 13:30:43.000000,
93158,873829,389000.000,2023-05-09 11:15:21.000000,
93158,908264,6317500.000,2023-05-26 11:06:39.000000,
93158,913216,846000.000,2023-05-29 12:22:40.000000,
93364,897134,1151000.000,2023-05-20 18:11:46.000000,
93364,903505,703800.000,2023-05-24 10:24:51.000000,
98673,868998,377000.000,2023-05-06 13:42:10.000000,
98673,870034,691700.000,2023-05-08 07:46:05.000000,
98673,903701,685600.000,2023-05-24 10:58:26.000000,
98673,912791,1368100.000,2023-05-29 11:02:10.000000,
98802,904354,537000.000,2023-05-24 13:44:10.000000,
98802,913948,0.000,2023-05-29 15:22:00.000000,
98810,911194,645300.000,2023-05-27 18:53:14.000000,
98810,912898,305300.000,2023-05-29 11:23:20.000000,
98850,897464,323000.000,2023-05-21 11:02:30.000000,
98850,904722,326100.000,2023-05-24 15:45:51.000000,
98850,910933,333000.000,2023-05-27 12:32:48.000000,
98850,912714,160000.000,2023-05-29 10:49:08.000000,
99110,900302,600200.000,2023-05-22 20:06:51.000000,
99110,903114,1100000.000,2023-05-24 09:03:47.000000,
99923,913991,416000.000,2023-05-29 15:49:43.000000,
99996,881905,1558300.000,2023-05-12 13:58:19.000000,
99996,899953,522000.000,2023-05-22 15:48:22.000000,
99996,900756,335300.000,2023-05-23 09:22:02.000000,
99996,900847,333000.000,2023-05-23 09:47:09.000000,
99996,901460,316200.000,2023-05-23 11:56:43.000000,
99996,902210,522000.000,2023-05-23 14:53:23.000000,
99996,902229,320500.000,2023-05-23 14:57:41.000000,
99996,913775,1735500.000,2023-05-29 14:29:36.000000,
100309,899412,516500.000,2023-05-22 13:21:54.000000,
100309,900065,441600.000,2023-05-22 16:54:10.000000,
100309,904807,825100.000,2023-05-24 16:57:52.000000,
100309,910335,857300.000,2023-05-27 10:00:20.000000,
100309,911312,968300.000,2023-05-28 07:04:35.000000,
100942,900375,303800.000,2023-05-22 22:14:09.000000,
100942,911375,326300.000,2023-05-28 09:31:54.000000,
101694,871482,418500.000,2023-05-08 12:25:03.000000,
101694,876480,198000.000,2023-05-10 11:40:08.000000,
101694,904858,408000.000,2023-05-24 18:09:07.000000,
101694,911319,477500.000,2023-05-28 07:19:04.000000,
107131,900141,304200.000,2023-05-22 17:40:48.000000,
107131,901002,625000.000,2023-05-23 10:20:32.000000,
107131,902424,374700.000,2023-05-23 17:49:29.000000,
107131,904825,284300.000,2023-05-24 17:15:50.000000,
107131,911527,301300.000,2023-05-28 13:23:16.000000,
107139,911674,3740100.000,2023-05-28 18:32:56.000000,
107195,860381,3150000.000,2023-05-03 12:26:24.000000,
107195,901076,885000.000,2023-05-23 10:36:17.000000,
107195,901405,568500.000,2023-05-23 11:45:03.000000,
107195,901471,3112500.000,2023-05-23 11:58:59.000000,
107854,870389,154000.000,2023-05-08 09:32:49.000000,
107854,900271,201950.000,2023-05-22 19:34:55.000000,
107854,902694,120200.000,2023-05-23 23:41:47.000000,
107854,911814,122000.000,2023-05-29 04:21:48.000000,
107910,868929,465200.000,2023-05-06 12:56:26.000000,
107910,869204,347500.000,2023-05-06 17:46:46.000000,
107910,884357,405000.000,2023-05-13 22:19:28.000000,
107910,884810,716400.000,2023-05-14 23:54:21.000000,
107910,885512,352000.000,2023-05-15 10:02:36.000000,
107910,900649,607900.000,2023-05-23 08:33:09.000000,
107910,912635,995300.000,2023-05-29 10:34:09.000000,
108072,911468,504000.000,2023-05-28 11:39:20.000000,
108350,856066,0.000,2023-05-02 07:55:23.000000,
108350,911300,860350.000,2023-05-28 06:34:35.000000,
108590,871272,568000.000,2023-05-08 11:41:36.000000,
108590,903017,755700.000,2023-05-24 08:29:12.000000,
108590,912943,400400.000,2023-05-29 11:30:16.000000,
108897,855438,0.000,2023-05-01 10:27:33.000000,
108897,856015,0.000,2023-05-02 07:17:59.000000,
108897,915069,0.000,2023-05-30 10:30:44.000000,
108954,904257,425500.000,2023-05-24 13:23:19.000000,
108954,911884,827500.000,2023-05-29 06:52:20.000000,
108967,862446,0.000,2023-05-04 10:21:40.000000,
108967,872296,552500.000,2023-05-08 14:51:53.000000,
108967,911396,388800.000,2023-05-28 10:09:34.000000,
108967,911398,325000.000,2023-05-28 10:11:33.000000,
108967,911401,325000.000,2023-05-28 10:12:25.000000,
108967,911405,510000.000,2023-05-28 10:15:47.000000,
109081,884987,111700.000,2023-05-15 07:51:21.000000,
109081,904894,131000.000,2023-05-24 18:50:55.000000,
109081,910943,491900.000,2023-05-27 12:40:30.000000,
109081,911044,108050.000,2023-05-27 14:13:43.000000,
109747,911139,358500.000,2023-05-27 16:23:46.000000,
109788,904967,1084100.000,2023-05-24 20:08:41.000000,
109892,870285,0.000,2023-05-08 08:58:03.000000,
109945,913387,330300.000,2023-05-29 13:00:58.000000,
110088,900310,154100.000,2023-05-22 20:25:15.000000,
110088,904014,111800.000,2023-05-24 12:03:20.000000,
110304,872683,0.000,2023-05-08 20:27:10.000000,
110392,869979,101900.000,2023-05-08 07:17:52.000000,
110392,913806,339500.000,2023-05-29 14:35:54.000000,
110736,861594,605000.000,2023-05-04 07:32:09.000000,
110736,901841,309000.000,2023-05-23 13:33:42.000000,
110736,904577,328500.000,2023-05-24 14:39:19.000000,
110736,904673,342000.000,2023-05-24 15:04:19.000000,
111049,900417,343600.000,2023-05-23 04:23:38.000000,
111319,911413,320800.000,2023-05-28 10:29:20.000000,
111522,903169,808000.000,2023-05-24 09:34:53.000000,
111529,869601,572000.000,2023-05-07 13:30:41.000000,
111529,900166,314600.000,2023-05-22 18:04:43.000000,
111529,900232,325000.000,2023-05-22 19:05:38.000000,
111667,903653,2178500.000,2023-05-24 10:51:14.000000,
111694,913443,641000.000,2023-05-29 13:15:39.000000,
111998,869213,0.000,2023-05-06 18:09:08.000000,
111998,897500,430700.000,2023-05-21 11:51:21.000000,
111998,916449,332600.000,2023-05-30 19:27:59.000000,
112517,871336,0.000,2023-05-08 11:52:48.000000,
112517,878936,1405050.000,2023-05-11 11:30:01.000000,
112517,898327,740100.000,2023-05-22 09:59:55.000000,
112517,912170,636500.000,2023-05-29 09:00:53.000000,
112912,903075,941400.000,2023-05-24 08:53:17.000000,
112912,911426,986500.000,2023-05-28 10:43:53.000000,
112956,885306,1550000.000,2023-05-15 09:26:05.000000,
113204,904176,760500.000,2023-05-24 12:56:01.000000,
113204,904947,828500.000,2023-05-24 19:46:37.000000,
113219,911090,1509900.000,2023-05-27 14:59:46.000000,
113239,912198,595200.000,2023-05-29 09:08:11.000000,
113239,913186,415500.000,2023-05-29 12:16:51.000000,
113470,902695,2179000.000,2023-05-23 23:43:52.000000,
113470,911339,1788500.000,2023-05-28 08:16:32.000000,
113517,883732,1055000.000,2023-05-13 11:15:35.000000,
113793,861387,1672800.000,2023-05-03 20:37:44.000000,
113793,867206,1464800.000,2023-05-05 21:56:17.000000,
113793,869324,673300.000,2023-05-06 22:39:43.000000,
113793,869414,397500.000,2023-05-07 08:08:56.000000,
113793,871434,353400.000,2023-05-08 12:16:40.000000,
113793,874866,1764100.000,2023-05-09 15:23:48.000000,
113793,874985,1782800.000,2023-05-09 16:19:04.000000,
113793,884156,426600.000,2023-05-13 15:34:42.000000,
113793,884406,542500.000,2023-05-14 07:14:08.000000,
113793,887516,567800.000,2023-05-16 07:15:29.000000,
113793,889991,963700.000,2023-05-16 20:41:37.000000,
113793,900519,651900.000,2023-05-23 07:16:04.000000,
113793,901543,120500.000,2023-05-23 12:11:34.000000,
113793,901938,278000.000,2023-05-23 13:54:20.000000,
113793,903197,902500.000,2023-05-24 09:40:21.000000,
113793,903703,645500.000,2023-05-24 10:58:36.000000,
113793,907534,784600.000,2023-05-26 08:33:38.000000,
113793,908838,328450.000,2023-05-26 13:53:44.000000,
113793,909474,1120700.000,2023-05-26 20:05:28.000000,
113793,909490,240000.000,2023-05-26 20:21:09.000000,
113793,911471,748700.000,2023-05-28 11:44:01.000000,
113793,911499,854700.000,2023-05-28 12:26:23.000000,
113793,911869,1259000.000,2023-05-29 06:36:57.000000,
113793,912061,569800.000,2023-05-29 08:22:19.000000,
113793,913731,247400.000,2023-05-29 14:19:36.000000,
113840,898607,554200.000,2023-05-22 10:44:02.000000,
113874,878230,101000.000,2023-05-11 09:14:47.000000,
113874,885350,101000.000,2023-05-15 09:31:42.000000,
113874,885434,144400.000,2023-05-15 09:47:02.000000,
113874,900840,136000.000,2023-05-23 09:45:28.000000,
113876,904728,457800.000,2023-05-24 15:49:55.000000,
114325,902862,830700.000,2023-05-24 07:24:17.000000,
114419,904670,452000.000,2023-05-24 15:02:40.000000,
114419,913466,1245000.000,2023-05-29 13:22:27.000000,
114438,897988,342000.000,2023-05-22 07:54:46.000000,
114459,904435,923400.000,2023-05-24 14:07:04.000000,
114508,897275,729300.000,2023-05-20 23:34:30.000000,
114508,897797,1260000.000,2023-05-21 22:32:46.000000,
114539,868969,110100.000,2023-05-06 13:19:46.000000,
114539,869419,153000.000,2023-05-07 08:11:56.000000,
114539,900717,301850.000,2023-05-23 09:03:40.000000,
114539,904127,198600.000,2023-05-24 12:37:09.000000,
114539,911321,101500.000,2023-05-28 07:20:14.000000,
114539,912796,115000.000,2023-05-29 11:02:44.000000,
114674,900047,906500.000,2023-05-22 16:45:37.000000,
114674,903053,1365000.000,2023-05-24 08:45:35.000000,
114674,911771,519900.000,2023-05-28 21:30:39.000000,
114728,900246,445000.000,2023-05-22 19:17:11.000000,
114739,900330,329800.000,2023-05-22 20:52:40.000000,
114739,900348,304300.000,2023-05-22 21:21:45.000000,
114739,900387,317500.000,2023-05-22 22:51:04.000000,
114739,900389,345000.000,2023-05-22 22:55:37.000000,
114739,900397,309100.000,2023-05-22 23:24:30.000000,
114739,900399,309000.000,2023-05-22 23:32:47.000000,
114739,900403,301000.000,2023-05-22 23:49:28.000000,
114739,900404,309250.000,2023-05-22 23:53:36.000000,
114739,904901,335300.000,2023-05-24 18:55:53.000000,
114739,911488,390400.000,2023-05-28 12:04:32.000000,
114795,896053,827300.000,2023-05-20 09:50:04.000000,
114795,900136,309000.000,2023-05-22 17:38:32.000000,
114795,901493,342000.000,2023-05-23 12:03:01.000000,
114795,903091,811000.000,2023-05-24 08:58:02.000000,
114839,913546,645600.000,2023-05-29 13:37:14.000000,
114860,902493,298000.000,2023-05-23 19:01:10.000000,
114909,899061,345100.000,2023-05-22 11:58:05.000000,
114909,900556,649000.000,2023-05-23 07:49:06.000000,
114909,904081,199200.000,2023-05-24 12:19:12.000000,
114909,910926,126700.000,2023-05-27 12:27:19.000000,
115287,900440,482900.000,2023-05-23 05:48:48.000000,
115350,875013,415000.000,2023-05-09 16:30:00.000000,
115350,902954,926600.000,2023-05-24 08:07:54.000000,
115350,915006,477000.000,2023-05-30 10:17:02.000000,
115451,903832,929900.000,2023-05-24 11:23:31.000000,
115488,913425,0.000,2023-05-29 13:10:36.000000,
115734,891625,871600.000,2023-05-17 14:15:46.000000,
115734,900331,322300.000,2023-05-22 20:52:57.000000,
115734,902808,818350.000,2023-05-24 07:01:17.000000,
116003,900201,304700.000,2023-05-22 18:34:12.000000,
116003,900798,143500.000,2023-05-23 09:34:10.000000,
116003,902796,313000.000,2023-05-24 06:53:30.000000,
116003,903080,357100.000,2023-05-24 08:54:29.000000,
116003,904343,300800.000,2023-05-24 13:41:07.000000,
116003,904366,300800.000,2023-05-24 13:47:28.000000,
116003,904389,300800.000,2023-05-24 13:54:16.000000,
116013,869996,114000.000,2023-05-08 07:30:13.000000,
116013,872546,111000.000,2023-05-08 17:23:01.000000,
116013,900445,1045800.000,2023-05-23 05:54:26.000000,
116013,904076,824800.000,2023-05-24 12:16:45.000000,
116132,869258,378300.000,2023-05-06 19:43:30.000000,
116132,869443,365500.000,2023-05-07 09:30:32.000000,
116132,872182,573000.000,2023-05-08 14:34:10.000000,
116132,872966,411400.000,2023-05-09 08:06:04.000000,
116132,881587,379000.000,2023-05-12 12:41:56.000000,
116132,897697,916300.000,2023-05-21 19:01:13.000000,
116132,900630,0.000,2023-05-23 08:26:13.000000,
116132,911217,546350.000,2023-05-27 20:10:10.000000,
116528,902741,467450.000,2023-05-24 05:11:15.000000,
116915,872700,1715100.000,2023-05-08 20:45:33.000000,
116915,872941,1575000.000,2023-05-09 07:45:34.000000,
116915,892245,1002400.000,2023-05-18 01:00:10.000000,
116915,900581,377500.000,2023-05-23 08:04:30.000000,
116915,900940,428000.000,2023-05-23 10:08:15.000000,
116915,903051,1601500.000,2023-05-24 08:44:40.000000,
116915,903133,519500.000,2023-05-24 09:11:33.000000,
116944,900206,392500.000,2023-05-22 18:39:27.000000,
117096,902846,155200.000,2023-05-24 07:18:57.000000,
117390,901226,469000.000,2023-05-23 11:07:48.000000,
117390,912423,509500.000,2023-05-29 10:00:07.000000,
117549,889322,501500.000,2023-05-16 14:21:41.000000,
117549,901878,491200.000,2023-05-23 13:42:58.000000,
117549,913808,314700.000,2023-05-29 14:36:30.000000,
118167,906794,171900.000,2023-05-25 14:57:51.000000,
118197,902784,1222900.000,2023-05-24 06:34:51.000000,
118197,911857,1068700.000,2023-05-29 06:29:28.000000,
118568,911985,589700.000,2023-05-29 07:53:19.000000,
118568,912023,465000.000,2023-05-29 08:09:42.000000,
118705,872514,260000.000,2023-05-08 16:54:27.000000,
118838,901819,120500.000,2023-05-23 13:28:06.000000,
118838,911029,305000.000,2023-05-27 13:54:32.000000,
118955,911227,467000.000,2023-05-27 20:35:21.000000,
119065,887368,770000.000,2023-05-15 22:46:32.000000,
119065,902717,1040200.000,2023-05-24 03:06:39.000000,
119065,911603,482600.000,2023-05-28 16:06:17.000000,
119065,911875,327000.000,2023-05-29 06:42:06.000000,
119318,900230,535500.000,2023-05-22 19:04:50.000000,
119318,902384,1210000.000,2023-05-23 17:07:29.000000,
119318,902388,310100.000,2023-05-23 17:10:29.000000,
119318,902389,991000.000,2023-05-23 17:14:14.000000,
119318,902688,310100.000,2023-05-23 23:21:02.000000,
119318,914136,330000.000,2023-05-29 18:00:37.000000,
119318,916094,434000.000,2023-05-30 14:41:09.000000,
119608,903491,883000.000,2023-05-24 10:22:53.000000,
119608,911606,872700.000,2023-05-28 16:09:34.000000,
119732,903988,429000.000,2023-05-24 11:57:14.000000,
120118,901304,101000.000,2023-05-23 11:23:09.000000,
120644,901765,1938000.000,2023-05-23 13:17:54.000000,
120644,902864,801900.000,2023-05-24 07:25:36.000000,
120644,904597,801200.000,2023-05-24 14:42:09.000000,
120843,874252,941400.000,2023-05-09 12:46:54.000000,
120843,874265,1060000.000,2023-05-09 12:49:58.000000,
120843,910005,627500.000,2023-05-27 08:39:25.000000,
121419,897315,303100.000,2023-05-21 06:46:45.000000,
121419,911727,305300.000,2023-05-28 20:19:49.000000,
122407,855207,918500.000,2023-05-01 06:07:07.000000,
122407,862522,918500.000,2023-05-04 10:48:03.000000,
122433,902482,341200.000,2023-05-23 18:54:10.000000,
122433,903780,813700.000,2023-05-24 11:11:53.000000,
122433,904536,327500.000,2023-05-24 14:31:07.000000,
122433,904873,302700.000,2023-05-24 18:26:16.000000,
122433,912449,319700.000,2023-05-29 10:05:47.000000,
122508,897936,746700.000,2023-05-22 07:23:11.000000,
122508,912059,1660100.000,2023-05-29 08:21:39.000000,
122899,900360,414000.000,2023-05-22 21:44:10.000000,
122899,900363,540000.000,2023-05-22 21:46:32.000000,
123168,870486,2246999.994,2023-05-08 09:54:42.000000,
123168,901950,1055000.000,2023-05-23 13:56:26.000000,
123168,902813,815700.000,2023-05-24 07:03:31.000000,
123406,914177,714600.000,2023-05-29 18:53:05.000000,
123936,869229,3704900.000,2023-05-06 18:31:57.000000,
123936,869947,419600.000,2023-05-08 06:55:00.000000,
123936,872781,1591100.000,2023-05-08 23:57:57.000000,
123936,873321,1331800.000,2023-05-09 09:43:59.000000,
123936,873329,1075000.000,2023-05-09 09:45:32.000000,
123936,874206,714000.000,2023-05-09 12:33:11.000000,
123936,897469,780000.000,2023-05-21 11:09:55.000000,
123936,900530,3124500.000,2023-05-23 07:29:25.000000,
123936,900548,1668500.000,2023-05-23 07:45:44.000000,
123936,900893,1407000.000,2023-05-23 09:59:14.000000,
123936,901095,1258800.000,2023-05-23 10:40:26.000000,
123936,902679,4092500.000,2023-05-23 22:30:01.000000,
123936,902777,2053000.000,2023-05-24 06:28:22.000000,
123936,905061,3506200.000,2023-05-24 23:47:20.000000,
123936,909303,1220000.000,2023-05-26 16:48:25.000000,
123936,909535,495000.000,2023-05-26 22:24:02.000000,
123936,912228,3676100.000,2023-05-29 09:18:31.000000,
123936,913515,795000.000,2023-05-29 13:32:09.000000,
123995,861472,0.000,2023-05-04 04:05:55.000000,
123995,864379,463800.000,2023-05-04 20:50:27.000000,
123995,864456,581800.000,2023-05-04 23:59:21.000000,
123995,866165,228000.000,2023-05-05 13:01:44.000000,
123995,900396,652100.000,2023-05-22 23:18:19.000000,
123995,902692,305000.000,2023-05-23 23:40:04.000000,
123995,902701,665200.000,2023-05-24 00:18:26.000000,
124086,882891,525100.000,2023-05-13 08:17:12.000000,
124086,898334,569000.004,2023-05-22 10:00:52.000000,
124086,915809,402000.000,2023-05-30 13:28:46.000000,
124106,871040,1220000.000,2023-05-08 11:04:00.000000,
124159,897916,515800.000,2023-05-22 07:09:56.000000,
124159,900262,538600.000,2023-05-22 19:28:04.000000,
124159,900272,358500.000,2023-05-22 19:36:11.000000,
124159,902500,699000.000,2023-05-23 19:05:55.000000,
124159,911098,529500.000,2023-05-27 15:12:13.000000,
124159,911308,464100.000,2023-05-28 06:57:11.000000,
124159,911722,542000.000,2023-05-28 20:11:09.000000,
124236,913549,538500.000,2023-05-29 13:37:30.000000,
124239,913721,300000.000,2023-05-29 14:17:56.000000,
125308,864591,818400.000,2023-05-05 07:02:14.000000,
125308,869973,837000.000,2023-05-08 07:14:29.000000,
125308,901072,675100.000,2023-05-23 10:35:33.000000,
125560,902918,397750.000,2023-05-24 07:48:48.000000,
125936,901516,333600.000,2023-05-23 12:05:50.000000,
125936,911634,440600.000,2023-05-28 17:13:03.000000,
125962,890316,381000.000,2023-05-17 08:44:34.000000,
125962,911806,398000.000,2023-05-29 01:32:05.000000,
126455,913690,301000.000,2023-05-29 14:11:29.000000,
127226,871657,705500.000,2023-05-08 12:57:54.000000,
127226,913734,693300.000,2023-05-29 14:19:54.000000,
127359,899677,414600.000,2023-05-22 14:17:00.000000,
127359,913796,661100.000,2023-05-29 14:34:14.000000,
127631,883324,715000.000,2023-05-13 10:03:26.000000,
127729,863208,630000.000,2023-05-04 12:45:07.000000,
127729,878918,4560000.000,2023-05-11 11:25:53.000000,
127729,900282,815000.000,2023-05-22 19:45:55.000000,
127729,901600,675300.000,2023-05-23 12:27:45.000000,
127729,903020,833000.000,2023-05-24 08:29:51.000000,
127729,908903,625000.000,2023-05-26 14:09:20.000000,
127729,911784,1389300.000,2023-05-28 21:54:16.000000,
127762,869434,19370000.000,2023-05-07 09:09:38.000000,
127762,908815,1637300.000,2023-05-26 13:49:01.000000,
128264,902567,315000.000,2023-05-23 20:12:33.000000,
128690,900386,327500.000,2023-05-22 22:49:06.000000,
129336,903908,921400.000,2023-05-24 11:41:08.000000,
130292,869472,6347000.000,2023-05-07 10:13:13.000000,
130292,886641,1300200.000,2023-05-15 13:49:10.000000,
130292,903689,931100.000,2023-05-24 10:57:15.000000,
130292,913569,3008400.000,2023-05-29 13:42:08.000000,
130292,913600,391300.000,2023-05-29 13:52:16.000000,
130763,869878,863700.000,2023-05-08 05:10:30.000000,
130867,913766,854200.000,2023-05-29 14:26:53.000000,
131335,901824,325500.000,2023-05-23 13:28:52.000000,
131335,902811,835200.000,2023-05-24 07:02:11.000000,
131335,904110,321500.000,2023-05-24 12:31:16.000000,
131335,904850,359500.000,2023-05-24 17:54:55.000000,
131335,911661,1236200.000,2023-05-28 18:10:35.000000,
131351,912274,1927200.000,2023-05-29 09:29:13.000000,
131430,900352,838500.000,2023-05-22 21:31:13.000000,
131430,911437,308000.000,2023-05-28 10:58:39.000000,
131775,874507,6247800.000,2023-05-09 13:52:22.000000,
131775,902085,325500.000,2023-05-23 14:27:08.000000,
131775,902806,822100.000,2023-05-24 07:01:11.000000,
131775,903153,876100.000,2023-05-24 09:24:09.000000,
131775,904870,347800.000,2023-05-24 18:24:38.000000,
131775,911658,958200.000,2023-05-28 18:07:37.000000,
131830,870927,547000.000,2023-05-08 10:48:20.000000,
131830,903866,818700.000,2023-05-24 11:29:53.000000,
131830,912636,1475200.000,2023-05-29 10:34:13.000000,
131889,872051,1090900.000,2023-05-08 14:10:28.000000,
131889,902011,316500.000,2023-05-23 14:08:14.000000,
131889,902829,868200.000,2023-05-24 07:10:01.000000,
131889,904932,304000.000,2023-05-24 19:26:05.000000,
132356,899512,717200.000,2023-05-22 13:42:25.000000,
133024,900772,622000.000,2023-05-23 09:26:04.000000,
133164,902868,868200.000,2023-05-24 07:27:05.000000,
133164,904936,350000.000,2023-05-24 19:35:13.000000,
133164,913231,370000.000,2023-05-29 12:25:00.000000,
133261,900019,1240000.000,2023-05-22 16:23:39.000000,
133261,901532,496500.000,2023-05-23 12:09:21.000000,
133261,901569,1584000.000,2023-05-23 12:19:01.000000,
133261,901584,120500.000,2023-05-23 12:22:08.000000,
133261,901613,697500.000,2023-05-23 12:30:28.000000,
133261,901813,720000.000,2023-05-23 13:26:37.000000,
133261,904171,1485000.000,2023-05-24 12:53:07.000000,
133261,911716,495000.000,2023-05-28 19:57:35.000000,
133610,900090,300000.000,2023-05-22 17:05:13.000000,
133673,911011,345000.000,2023-05-27 13:38:19.000000,
134571,901884,306900.000,2023-05-23 13:44:34.000000,
134725,858850,3044100.000,2023-05-02 21:25:20.000000,
134725,858888,4957100.000,2023-05-02 22:29:39.000000,
134725,858893,5983100.000,2023-05-02 22:42:11.000000,
134725,861185,411400.000,2023-05-03 17:12:40.000000,
134725,861187,8666000.000,2023-05-03 17:13:58.000000,
134725,861191,15496000.000,2023-05-03 17:15:03.000000,
134725,861211,15496000.000,2023-05-03 17:30:36.000000,
134725,861289,15532000.000,2023-05-03 18:56:37.000000,
134725,861314,15532000.000,2023-05-03 19:17:57.000000,
134725,861315,1111500.000,2023-05-03 19:18:49.000000,
134725,861316,2925000.000,2023-05-03 19:20:10.000000,
134725,861357,543000.000,2023-05-03 20:06:48.000000,
134725,864396,1244000.000,2023-05-04 21:14:25.000000,
134725,866420,8660550.000,2023-05-05 13:48:13.000000,
134725,866432,8660550.000,2023-05-05 13:50:49.000000,
134725,866436,8660550.000,2023-05-05 13:51:19.000000,
134725,866438,8660550.000,2023-05-05 13:52:35.000000,
134725,866472,8233550.000,2023-05-05 13:57:59.000000,
134725,866788,8660550.000,2023-05-05 14:56:32.000000,
134725,866997,17173750.000,2023-05-05 16:52:25.000000,
134725,867007,736599.976,2023-05-05 16:58:57.000000,
134725,867021,1332000.000,2023-05-05 17:08:08.000000,
134725,872446,1628000.000,2023-05-08 16:05:43.000000,
134725,873387,511000.000,2023-05-09 09:55:17.000000,
134725,873491,511000.000,2023-05-09 10:12:24.000000,
134725,873606,584000.000,2023-05-09 10:32:58.000000,
134725,873615,438000.000,2023-05-09 10:35:05.000000,
134725,873654,575000.000,2023-05-09 10:40:48.000000,
134725,873671,517500.000,2023-05-09 10:43:41.000000,
134725,875376,763800.000,2023-05-10 04:52:30.000000,
134725,876991,215799.998,2023-05-10 13:38:42.000000,
134725,883212,178000.000,2023-05-13 09:44:08.000000,
134725,883241,1096000.000,2023-05-13 09:50:00.000000,
134725,883259,1416300.000,2023-05-13 09:52:21.000000,
134725,883371,1183500.000,2023-05-13 10:08:51.000000,
134725,883376,1068000.000,2023-05-13 10:09:46.000000,
134725,883816,1790700.000,2023-05-13 11:33:53.000000,
134725,883817,521000.000,2023-05-13 11:34:34.000000,
134725,883823,697000.000,2023-05-13 11:35:08.000000,
134725,883855,1139400.000,2023-05-13 11:44:25.000000,
134725,884064,243000.000,2023-05-13 13:36:19.000000,
134725,884065,419500.000,2023-05-13 13:36:52.000000,
134725,884066,681400.000,2023-05-13 13:37:29.000000,
134725,885698,599000.000,2023-05-15 10:36:55.000000,
134725,886540,923500.000,2023-05-15 13:30:33.000000,
134725,886610,367200.000,2023-05-15 13:45:01.000000,
134725,889252,331999.994,2023-05-16 14:04:36.000000,
134725,889390,1307000.000,2023-05-16 14:35:15.000000,
134725,889402,216899.999,2023-05-16 14:36:13.000000,
134725,889556,1563000.000,2023-05-16 14:56:09.000000,
134725,889579,638899.999,2023-05-16 15:00:54.000000,
134725,890549,1035500.000,2023-05-17 09:53:37.000000,
134725,890684,406000.000,2023-05-17 10:27:16.000000,
134725,890708,467500.000,2023-05-17 10:31:19.000000,
134725,890714,672000.000,2023-05-17 10:31:57.000000,
134725,891112,663000.000,2023-05-17 11:52:27.000000,
134725,891121,1335000.000,2023-05-17 11:53:47.000000,
134725,891159,2097500.000,2023-05-17 12:01:44.000000,
134725,895272,929000.000,2023-05-19 19:38:45.000000,
134725,895323,509600.000,2023-05-19 20:52:28.000000,
134725,895325,394200.000,2023-05-19 20:53:25.000000,
134725,895326,756500.000,2023-05-19 20:54:15.000000,
134725,895337,1050000.000,2023-05-19 21:18:56.000000,
134725,895340,702000.000,2023-05-19 21:20:21.000000,
134725,895978,1304700.000,2023-05-20 09:36:39.000000,
134725,896019,1191400.000,2023-05-20 09:44:33.000000,
134725,896193,994600.000,2023-05-20 10:24:39.000000,
134725,896806,584100.000,2023-05-20 12:13:55.000000,
134725,896863,1210000.000,2023-05-20 12:46:53.000000,
134725,896891,805000.000,2023-05-20 13:07:19.000000,
134725,896925,505000.000,2023-05-20 13:38:47.000000,
134725,897141,1241200.000,2023-05-20 18:25:35.000000,
134725,897144,870200.000,2023-05-20 18:28:23.000000,
134725,902372,1750482.000,2023-05-23 16:57:41.000000,
134725,902374,2024982.000,2023-05-23 16:58:32.000000,
134725,902397,3019499.999,2023-05-23 17:20:46.000000,
134725,904991,4310600.000,2023-05-24 20:42:10.000000,
134725,904992,4310600.000,2023-05-24 20:43:21.000000,
134725,905029,9945000.000,2023-05-24 21:41:08.000000,
134725,905056,2990000.000,2023-05-24 23:21:22.000000,
134725,907988,1730300.000,2023-05-26 10:21:20.000000,
134725,910007,46691400.000,2023-05-27 08:39:27.000000,
134725,910240,1254200.000,2023-05-27 09:41:15.000000,
134725,910263,4313000.000,2023-05-27 09:46:13.000000,
134725,912458,10474500.000,2023-05-29 10:06:46.000000,
134725,913811,3052800.000,2023-05-29 14:36:48.000000,
134980,905162,321300.000,2023-05-25 07:07:27.000000,
135077,900145,303900.000,2023-05-22 17:43:26.000000,
135077,911245,338800.000,2023-05-27 21:18:35.000000,
135118,900369,1713000.000,2023-05-22 22:03:27.000000,
135118,911643,1438100.000,2023-05-28 17:46:58.000000,
135881,900605,310300.000,2023-05-23 08:14:10.000000,
136778,903317,476100.000,2023-05-24 09:55:35.000000,
136878,869802,852350.000,2023-05-07 20:35:04.000000,
136878,870121,282000.000,2023-05-08 08:13:34.000000,
136878,902497,978100.000,2023-05-23 19:04:11.000000,
136878,903745,1338800.000,2023-05-24 11:06:33.000000,
136878,904963,897500.000,2023-05-24 19:57:26.000000,
136878,911244,891900.000,2023-05-27 21:17:58.000000,
136997,881785,2975000.000,2023-05-12 13:31:13.000000,
136997,897675,342000.000,2023-05-21 18:13:20.000000,
137045,870548,1245700.000,2023-05-08 10:02:10.000000,
137045,904378,811700.000,2023-05-24 13:50:57.000000,
137045,910253,867450.000,2023-05-27 09:43:26.000000,
137126,901208,1960200.000,2023-05-23 11:03:29.000000,
137126,902669,344500.000,2023-05-23 22:08:45.000000,
137126,911726,896000.000,2023-05-28 20:16:02.000000,
137252,903246,178800.000,2023-05-24 09:45:51.000000,
137356,871996,1288000.000,2023-05-08 14:00:13.000000,
137356,902041,380000.000,2023-05-23 14:14:56.000000,
137356,902847,840700.000,2023-05-24 07:19:34.000000,
137356,904362,307000.000,2023-05-24 13:47:12.000000,
137507,904264,909700.000,2023-05-24 13:25:25.000000,
137593,901621,3231400.000,2023-05-23 12:33:32.000000,
137593,904204,352000.000,2023-05-24 13:06:18.000000,
137593,911898,1638500.000,2023-05-29 07:01:40.000000,
137685,869277,555300.000,2023-05-06 20:43:08.000000,
137685,901157,227500.000,2023-05-23 10:53:13.000000,
137685,902447,1288400.000,2023-05-23 18:11:09.000000,
137685,911210,244100.000,2023-05-27 19:48:53.000000,
137851,897108,813300.000,2023-05-20 17:29:21.000000,
137851,901551,514100.000,2023-05-23 12:14:04.000000,
137851,909688,922600.000,2023-05-27 07:04:27.000000,
137851,909830,879800.000,2023-05-27 07:55:03.000000,
137924,899196,1021500.000,2023-05-22 12:27:46.000000,
137924,903896,687000.000,2023-05-24 11:38:15.000000,
137924,912948,459000.000,2023-05-29 11:30:42.000000,
137924,913036,229000.000,2023-05-29 11:45:02.000000,
138058,902889,832600.000,2023-05-24 07:35:21.000000,
138073,901690,1175600.000,2023-05-23 12:51:23.000000,
138139,900887,954800.000,2023-05-23 09:57:48.000000,
138139,904857,817750.000,2023-05-24 18:07:59.000000,
138139,911756,420950.000,2023-05-28 21:07:02.000000,
138139,912315,465000.000,2023-05-29 09:37:35.000000,
138152,899399,305000.000,2023-05-22 13:20:10.000000,
138152,902919,348100.000,2023-05-24 07:49:59.000000,
138241,898775,1034300.000,2023-05-22 11:09:16.000000,
138324,900151,527500.000,2023-05-22 17:50:13.000000,
138324,906248,896400.000,2023-05-25 12:18:44.000000,
138330,872881,455000.000,2023-05-09 07:04:55.000000,
138330,900229,315000.000,2023-05-22 19:03:50.000000,
138330,900233,315000.000,2023-05-22 19:07:21.000000,
138330,900237,325800.000,2023-05-22 19:10:36.000000,
138330,900254,318100.000,2023-05-22 19:21:53.000000,
138330,900278,318500.000,2023-05-22 19:40:45.000000,
138330,900281,318500.000,2023-05-22 19:43:11.000000,
138330,900297,345000.000,2023-05-22 20:00:25.000000,
138330,900300,345000.000,2023-05-22 20:02:56.000000,
138330,902145,755000.000,2023-05-23 14:40:53.000000,
138330,902964,801800.000,2023-05-24 08:12:44.000000,
138330,910184,850900.000,2023-05-27 09:23:23.000000,
138387,875228,363000.000,2023-05-09 19:28:37.000000,
138387,878034,625000.000,2023-05-11 08:22:07.000000,
138387,900408,558250.000,2023-05-23 00:57:04.000000,
138387,901820,120500.000,2023-05-23 13:28:17.000000,
138387,911582,625000.000,2023-05-28 15:29:08.000000,
138387,913066,390000.000,2023-05-29 11:50:21.000000,
138392,914115,351000.000,2023-05-29 17:36:08.000000,
138419,858483,408000.000,2023-05-02 15:45:43.000000,
138419,902526,1307800.000,2023-05-23 19:24:09.000000,
138419,911514,2677550.000,2023-05-28 12:55:12.000000,
138422,896103,819950.000,2023-05-20 09:59:29.000000,
138422,900416,320000.000,2023-05-23 04:00:17.000000,
138422,900662,357000.000,2023-05-23 08:38:38.000000,
138422,904841,1086300.000,2023-05-24 17:36:43.000000,
138576,902606,352200.000,2023-05-23 20:43:05.000000,
138639,865835,3180000.000,2023-05-05 11:42:37.000000,
138639,900062,347000.000,2023-05-22 16:52:52.000000,
138639,900298,318500.000,2023-05-22 20:00:50.000000,
138639,901915,345000.000,2023-05-23 13:49:56.000000,
138639,903041,835700.000,2023-05-24 08:42:10.000000,
138810,902645,109500.000,2023-05-23 21:30:01.000000,
138810,905650,900500.000,2023-05-25 10:08:17.000000,
138965,910999,151400.000,2023-05-27 13:24:56.000000,
139074,877036,285000.000,2023-05-10 13:47:51.000000,
139074,894411,560000.000,2023-05-19 12:18:36.000000,
139074,903506,2090600.000,2023-05-24 10:24:52.000000,
139074,911751,1463300.000,2023-05-28 20:57:23.000000,
139171,899041,328000.000,2023-05-22 11:54:52.000000,
139171,903829,547700.000,2023-05-24 11:23:05.000000,
139265,878661,342900.000,2023-05-11 10:39:37.000000,
139265,882584,570300.000,2023-05-12 21:47:32.000000,
139265,882594,345600.000,2023-05-12 22:18:00.000000,
139265,900248,371900.000,2023-05-22 19:19:12.000000,
139265,902749,623000.000,2023-05-24 05:27:50.000000,
139265,903074,804100.000,2023-05-24 08:52:56.000000,
139265,912819,794400.000,2023-05-29 11:08:10.000000,
139271,900195,1444000.000,2023-05-22 18:28:28.000000,
139271,900507,308000.000,2023-05-23 07:05:09.000000,
139271,902386,452000.000,2023-05-23 17:10:06.000000,
139271,902671,471000.000,2023-05-23 22:18:21.000000,
139286,911856,312500.000,2023-05-29 06:27:48.000000,
139286,911861,324600.000,2023-05-29 06:32:02.000000,
139403,869000,877200.000,2023-05-06 13:43:24.000000,
139403,869493,1206400.000,2023-05-07 10:41:54.000000,
139403,893616,654500.000,2023-05-19 09:46:39.000000,
139403,900022,509200.000,2023-05-22 16:25:09.000000,
139403,900945,645000.000,2023-05-23 10:09:30.000000,
139403,902635,308800.000,2023-05-23 21:14:25.000000,
139403,902760,342000.000,2023-05-24 06:03:37.000000,
139403,902979,817700.000,2023-05-24 08:17:02.000000,
139403,903022,819100.000,2023-05-24 08:32:08.000000,
139403,903356,4542500.000,2023-05-24 10:02:06.000000,
139403,913428,401700.000,2023-05-29 13:11:21.000000,
139586,880250,1266000.000,2023-05-11 22:12:14.000000,
139586,897348,1082300.000,2023-05-21 08:04:37.000000,
139586,901769,1425000.000,2023-05-23 13:18:47.000000,
139586,903327,260800.000,2023-05-24 09:57:26.000000,
139586,904943,534500.000,2023-05-24 19:41:02.000000,
139586,911174,588000.000,2023-05-27 18:09:15.000000,
139586,911911,630000.000,2023-05-29 07:09:53.000000,
139586,911921,459000.000,2023-05-29 07:17:36.000000,
139706,869105,13255000.000,2023-05-06 14:59:17.000000,
139706,892126,14417000.000,2023-05-17 18:57:55.000000,
139819,912887,347000.000,2023-05-29 11:21:37.000000,
140026,876163,538500.000,2023-05-10 10:40:14.000000,
140053,902881,434800.000,2023-05-24 07:33:04.000000,
140053,904035,756900.000,2023-05-24 12:07:32.000000,
140053,904959,313000.000,2023-05-24 19:55:24.000000,
140053,904962,313000.000,2023-05-24 19:56:49.000000,
140053,914273,2327800.000,2023-05-29 21:14:09.000000,
140385,901150,221100.000,2023-05-23 10:51:58.000000,
140385,903516,360000.000,2023-05-24 10:25:53.000000,
140385,911966,1429500.000,2023-05-29 07:42:29.000000,
140385,912360,225200.000,2023-05-29 09:47:44.000000,
140448,884140,149200.000,2023-05-13 15:13:20.000000,
140448,886370,111500.000,2023-05-15 12:51:08.000000,
140448,897147,342000.000,2023-05-20 18:33:11.000000,
140448,900359,108800.000,2023-05-22 21:39:49.000000,
140449,901800,136100.000,2023-05-23 13:24:35.000000,
140449,913567,154900.000,2023-05-29 13:41:23.000000,
140532,902496,777700.000,2023-05-23 19:03:11.000000,
140637,911390,436400.000,2023-05-28 09:58:04.000000,
140637,911624,333000.000,2023-05-28 16:50:56.000000,
140637,911627,333000.000,2023-05-28 17:00:25.000000,
140637,911690,245200.000,2023-05-28 19:04:30.000000,
140831,911431,339700.000,2023-05-28 10:51:31.000000,
140837,913281,394200.000,2023-05-29 12:36:36.000000,
144089,902510,523500.000,2023-05-23 19:12:33.000000,
144089,904012,587000.000,2023-05-24 12:03:02.000000,
145109,911563,535800.000,2023-05-28 14:42:46.000000,
145298,903023,971100.000,2023-05-24 08:32:24.000000,
145489,869018,1272500.000,2023-05-06 13:55:48.000000,
145489,902652,301000.000,2023-05-23 21:36:50.000000,
145489,902653,630000.000,2023-05-23 21:39:26.000000,
145489,902657,311500.000,2023-05-23 21:44:35.000000,
145489,902659,305000.000,2023-05-23 21:47:08.000000,
145606,912968,563000.000,2023-05-29 11:34:45.000000,
145657,904865,311000.000,2023-05-24 18:20:51.000000,
145695,911059,979000.000,2023-05-27 14:29:34.000000,
146006,870781,220200.000,2023-05-08 10:27:33.000000,
146006,900747,272400.000,2023-05-23 09:17:39.000000,
146006,902697,253000.000,2023-05-24 00:00:03.000000,
146008,868774,377000.000,2023-05-06 11:48:05.000000,
146008,875873,715050.000,2023-05-10 09:50:39.000000,
146008,897568,1068050.000,2023-05-21 14:00:50.000000,
146008,897719,0.000,2023-05-21 19:39:35.000000,
146008,904409,1369500.000,2023-05-24 14:01:52.000000,
146008,904443,436200.000,2023-05-24 14:08:45.000000,
146008,904602,400500.000,2023-05-24 14:43:11.000000,
146008,904736,320500.000,2023-05-24 15:53:28.000000,
146008,911561,1586500.000,2023-05-28 14:40:43.000000,
146028,879749,231000.000,2023-05-11 14:40:40.000000,
146053,904953,327100.000,2023-05-24 19:49:50.000000,
146096,900372,3508900.000,2023-05-22 22:11:31.000000,
146096,901804,1375000.000,2023-05-23 13:25:07.000000,
146251,911641,324000.000,2023-05-28 17:32:46.000000,
146251,911886,324000.000,2023-05-29 06:53:16.000000,
146251,911888,324000.000,2023-05-29 06:54:11.000000,
146251,911894,324000.000,2023-05-29 06:58:28.000000,
146251,912388,324000.000,2023-05-29 09:53:03.000000,
146265,901740,836000.000,2023-05-23 13:10:55.000000,
146265,911069,908950.000,2023-05-27 14:37:32.000000,
146270,900688,831600.000,2023-05-23 08:49:14.000000,
146270,902489,811000.000,2023-05-23 18:59:13.000000,
146444,902750,408600.000,2023-05-24 05:28:09.000000,
146444,904887,915900.000,2023-05-24 18:40:45.000000,
146444,911199,694600.000,2023-05-27 19:11:00.000000,
146480,858905,319700.000,2023-05-02 23:15:29.000000,
146505,898103,1875000.000,2023-05-22 09:25:03.000000,
146505,915714,624000.000,2023-05-30 13:04:39.000000,
146517,869920,529500.000,2023-05-08 06:28:58.000000,
146517,900234,455000.000,2023-05-22 19:08:19.000000,
146517,900435,393050.000,2023-05-23 05:31:54.000000,
146517,902743,370000.000,2023-05-24 05:17:47.000000,
146517,904956,446000.000,2023-05-24 19:52:17.000000,
146517,911315,393400.000,2023-05-28 07:06:52.000000,
146546,869460,504500.000,2023-05-07 10:03:35.000000,
146546,900117,790300.000,2023-05-22 17:26:20.000000,
146546,903241,522800.000,2023-05-24 09:44:56.000000,
146546,911748,534720.000,2023-05-28 20:49:05.000000,
146548,900619,359950.000,2023-05-23 08:21:27.000000,
146548,900622,535500.000,2023-05-23 08:22:23.000000,
146548,903154,347200.000,2023-05-24 09:24:41.000000,
146578,900878,530000.000,2023-05-23 09:54:57.000000,
146578,915282,327500.000,2023-05-30 11:15:44.000000,
146585,901391,449000.000,2023-05-23 11:43:05.000000,
146644,901593,120500.000,2023-05-23 12:26:02.000000,
146644,901610,302500.000,2023-05-23 12:29:23.000000,
146644,903038,1061000.000,2023-05-24 08:41:46.000000,
146712,897557,357000.000,2023-05-21 13:32:47.000000,
146712,897561,464000.000,2023-05-21 13:37:23.000000,
146875,900328,350700.000,2023-05-22 20:50:59.000000,
146900,900332,2930700.000,2023-05-22 20:54:29.000000,
146900,900334,323300.000,2023-05-22 20:56:54.000000,
146900,900338,716600.000,2023-05-22 21:00:24.000000,
146900,900342,319500.000,2023-05-22 21:07:15.000000,
146913,886534,589700.000,2023-05-15 13:29:30.000000,
146913,900034,421000.000,2023-05-22 16:35:27.000000,
146913,903279,517000.000,2023-05-24 09:49:38.000000,
146971,880677,0.000,2023-05-12 09:05:38.000000,
146971,880695,0.000,2023-05-12 09:09:55.000000,
147026,904915,362500.000,2023-05-24 19:07:24.000000,
147061,912605,433300.000,2023-05-29 10:28:38.000000,
147148,901653,580000.000,2023-05-23 12:43:30.000000,
147148,912117,446000.000,2023-05-29 08:43:17.000000,
147158,895896,1425000.000,2023-05-20 09:20:28.000000,
147158,899921,1145000.000,2023-05-22 15:30:39.000000,
147158,901113,589800.000,2023-05-23 10:43:42.000000,
147158,904476,427500.000,2023-05-24 14:17:31.000000,
147158,906451,1425000.000,2023-05-25 13:21:04.000000,
147158,912246,1425000.000,2023-05-29 09:23:57.000000,
147158,915929,570000.000,2023-05-30 14:04:06.000000,
147223,879921,330000.000,2023-05-11 15:47:05.000000,
147223,900168,300300.000,2023-05-22 18:05:12.000000,
147223,913682,301900.000,2023-05-29 14:10:11.000000,
147228,898720,479800.000,2023-05-22 11:01:19.000000,
147367,872517,1155650.000,2023-05-08 16:56:47.000000,
147367,897731,497650.000,2023-05-21 20:01:00.000000,
147367,900423,630000.000,2023-05-23 04:55:54.000000,
147367,904913,390300.000,2023-05-24 19:06:40.000000,
147367,911076,148500.000,2023-05-27 14:43:37.000000,
147381,868958,117100.000,2023-05-06 13:14:00.000000,
147381,868962,104400.000,2023-05-06 13:16:45.000000,
147381,870593,107100.000,2023-05-08 10:07:27.000000,
147381,881372,112200.000,2023-05-12 11:35:54.000000,
147381,901831,306400.000,2023-05-23 13:30:08.000000,
147381,904159,105500.000,2023-05-24 12:49:05.000000,
147381,913494,101000.000,2023-05-29 13:28:18.000000,
147498,912343,421700.000,2023-05-29 09:43:51.000000,
147695,911718,336700.000,2023-05-28 20:00:27.000000,
147766,911462,393000.000,2023-05-28 11:32:14.000000,
147766,911464,420000.000,2023-05-28 11:33:16.000000,
147854,864464,3855000.000,2023-05-05 01:16:09.000000,
147854,865135,5600000.000,2023-05-05 09:52:47.000000,
147854,868925,455000.000,2023-05-06 12:52:58.000000,
147854,868926,227500.000,2023-05-06 12:53:51.000000,
147854,869813,666000.000,2023-05-07 20:50:53.000000,
147854,873770,12600000.000,2023-05-09 11:02:07.000000,
147854,881589,204600.000,2023-05-12 12:42:21.000000,
147854,897026,410000.000,2023-05-20 15:47:24.000000,
147854,897740,958500.000,2023-05-21 20:15:35.000000,
147854,899038,910000.000,2023-05-22 11:54:06.000000,
147854,900024,325500.000,2023-05-22 16:31:50.000000,
147854,900085,333000.000,2023-05-22 17:02:59.000000,
147854,900088,325000.000,2023-05-22 17:03:53.000000,
147854,900092,333000.000,2023-05-22 17:06:03.000000,
147854,900095,325000.000,2023-05-22 17:07:07.000000,
147854,900102,331500.000,2023-05-22 17:13:31.000000,
147854,900119,301000.000,2023-05-22 17:27:32.000000,
147854,900142,844200.000,2023-05-22 17:41:12.000000,
147854,900676,351600.000,2023-05-23 08:45:01.000000,
147854,903037,930000.000,2023-05-24 08:41:43.000000,
147854,904439,739600.000,2023-05-24 14:07:46.000000,
147854,904549,24700000.000,2023-05-24 14:33:11.000000,
147854,904723,410000.000,2023-05-24 15:46:28.000000,
147854,911058,125100.000,2023-05-27 14:29:25.000000,
147854,911279,600000.000,2023-05-27 23:31:23.000000,
147854,913781,736000.000,2023-05-29 14:31:08.000000,
148143,897192,342000.000,2023-05-20 19:35:37.000000,
148143,911247,300000.000,2023-05-27 21:30:15.000000,
148143,912878,655500.000,2023-05-29 11:20:23.000000,
148694,900344,236300.000,2023-05-22 21:08:18.000000,
148983,900039,2031600.000,2023-05-22 16:41:32.000000,
148983,911731,1800000.000,2023-05-28 20:21:37.000000,
149250,899277,1191600.000,2023-05-22 12:50:08.000000,
149479,902165,362700.000,2023-05-23 14:43:54.000000,
149479,911813,416000.000,2023-05-29 04:18:35.000000,
149530,863714,1989000.000,2023-05-04 14:18:25.000000,
149530,864416,1980000.000,2023-05-04 21:53:29.000000,
149530,871586,1600000.000,2023-05-08 12:45:10.000000,
149530,889386,2048000.000,2023-05-16 14:34:15.000000,
149530,899154,1989000.000,2023-05-22 12:17:19.000000,
149530,900624,575000.000,2023-05-23 08:24:00.000000,
149530,901449,1295000.000,2023-05-23 11:55:09.000000,
149530,911435,5690000.000,2023-05-28 10:58:17.000000,
149961,900705,484300.000,2023-05-23 08:58:57.000000,
149961,913845,546000.000,2023-05-29 14:45:28.000000,
150176,911403,972300.000,2023-05-28 10:13:54.000000,
150423,897025,485000.000,2023-05-20 15:45:17.000000,
150563,904847,712500.000,2023-05-24 17:46:02.000000,
150798,868623,0.000,2023-05-06 11:29:05.000000,
150960,911316,292000.000,2023-05-28 07:13:56.000000,
150964,903293,600500.000,2023-05-24 09:51:24.000000,
150964,912829,309900.000,2023-05-29 11:09:09.000000,
150993,900235,354000.000,2023-05-22 19:09:08.000000,
151116,911651,460500.000,2023-05-28 17:56:48.000000,
151517,902771,100200.000,2023-05-24 06:16:28.000000,
151517,913611,319500.000,2023-05-29 13:55:22.000000,
151695,884399,848500.000,2023-05-14 06:49:08.000000,
151695,900193,1855000.000,2023-05-22 18:26:59.000000,
151695,901906,1236000.000,2023-05-23 13:48:40.000000,
151695,902754,1325000.000,2023-05-24 05:54:24.000000,
151695,902982,1325200.000,2023-05-24 08:17:44.000000,
151695,904683,530000.000,2023-05-24 15:15:44.000000,
151695,911476,1815100.000,2023-05-28 11:50:44.000000,
151695,913294,3706800.000,2023-05-29 12:39:17.000000,
151695,915005,2750000.000,2023-05-30 10:16:58.000000,
152011,911993,708000.000,2023-05-29 07:57:41.000000,
152403,871640,100500.000,2023-05-08 12:54:42.000000,
152403,890540,125200.000,2023-05-17 09:50:54.000000,
152403,900545,335000.000,2023-05-23 07:43:29.000000,
152403,903905,102100.000,2023-05-24 11:40:19.000000,
152403,911201,189200.000,2023-05-27 19:15:02.000000,
152547,899101,302500.000,2023-05-22 12:05:48.000000,
152547,901635,302500.000,2023-05-23 12:39:39.000000,
152547,901676,120500.000,2023-05-23 12:47:43.000000,
152547,911135,310000.000,2023-05-27 16:11:23.000000,
152547,911502,352200.000,2023-05-28 12:32:13.000000,
153301,900207,3678000.000,2023-05-22 18:39:51.000000,
153301,903019,3557500.000,2023-05-24 08:29:43.000000,
153301,911633,6104200.000,2023-05-28 17:11:58.000000,
153458,916433,944800.000,2023-05-30 19:12:42.000000,
154019,900327,773400.000,2023-05-22 20:49:47.000000,
154031,897346,494000.000,2023-05-21 07:56:08.000000,
154031,901617,345000.000,2023-05-23 12:32:21.000000,
154031,912005,1180000.000,2023-05-29 08:00:49.000000,
154228,897237,954000.000,2023-05-20 20:56:46.000000,
154228,905278,1155000.000,2023-05-25 08:12:42.000000,
154361,870313,1062700.000,2023-05-08 09:11:06.000000,
154361,872567,1287000.000,2023-05-08 17:52:00.000000,
154361,872911,624550.000,2023-05-09 07:25:05.000000,
154361,884390,933700.000,2023-05-14 06:19:39.000000,
154361,887107,519700.000,2023-05-15 17:02:19.000000,
154361,900889,362000.000,2023-05-23 09:58:35.000000,
154361,901500,322600.000,2023-05-23 12:03:42.000000,
154361,907107,857760.000,2023-05-25 19:02:07.000000,
154361,911467,1060900.000,2023-05-28 11:38:29.000000,
154361,911523,344000.000,2023-05-28 13:16:44.000000,
154361,911584,355500.000,2023-05-28 15:32:19.000000,
154469,887137,570000.000,2023-05-15 17:31:50.000000,
154469,900595,823500.000,2023-05-23 08:08:10.000000,
154469,903162,709000.000,2023-05-24 09:30:57.000000,
154469,903163,582000.000,2023-05-24 09:31:44.000000,
154537,884091,676000.000,2023-05-13 14:04:13.000000,
154537,886339,194000.000,2023-05-15 12:42:12.000000,
154537,888381,274500.000,2023-05-16 10:48:43.000000,
154537,890418,110500.000,2023-05-17 09:18:57.000000,
154537,898781,376300.000,2023-05-22 11:10:08.000000,
154537,899194,114000.000,2023-05-22 12:26:39.000000,
154537,911169,308500.000,2023-05-27 17:53:42.000000,
154584,869085,1316000.000,2023-05-06 14:47:52.000000,
154584,869091,482000.000,2023-05-06 14:50:03.000000,
154584,897734,928000.000,2023-05-21 20:06:36.000000,
154584,898073,333000.000,2023-05-22 09:05:46.000000,
154584,911642,624700.000,2023-05-28 17:36:10.000000,
154704,900242,890000.000,2023-05-22 19:14:11.000000,
154704,904903,587500.000,2023-05-24 18:56:20.000000,
154704,913641,586500.000,2023-05-29 14:02:59.000000,
154729,904974,382900.000,2023-05-24 20:16:02.000000,
154729,910951,290500.000,2023-05-27 12:51:21.000000,
154729,911318,680000.000,2023-05-28 07:15:37.000000,
154833,900354,289500.000,2023-05-22 21:34:03.000000,
154833,911879,238000.000,2023-05-29 06:45:12.000000,
155012,856658,227300.000,2023-05-02 10:42:07.000000,
155029,900165,424000.000,2023-05-22 18:03:50.000000,
155029,911176,349000.000,2023-05-27 18:13:56.000000,
155029,911283,349000.000,2023-05-28 00:34:15.000000,
155029,911285,349000.000,2023-05-28 00:37:51.000000,
155291,900231,1056000.000,2023-05-22 19:05:35.000000,
155409,911151,817500.000,2023-05-27 16:49:07.000000,
155514,858242,1116000.000,2023-05-02 14:39:27.000000,
155514,875038,1935500.000,2023-05-09 16:39:08.000000,
155615,901528,958800.000,2023-05-23 12:08:16.000000,
155634,900021,330300.000,2023-05-22 16:24:56.000000,
155634,914225,393400.000,2023-05-29 19:44:33.000000,
155918,902350,316400.000,2023-05-23 16:37:38.000000,
155958,884874,459200.000,2023-05-15 06:40:20.000000,
156026,900503,357100.000,2023-05-23 07:00:31.000000,
156384,912072,324400.000,2023-05-29 08:26:27.000000,
156599,904636,3031200.000,2023-05-24 14:52:45.000000,
156742,911073,900600.000,2023-05-27 14:43:02.000000,
157388,913327,208800.000,2023-05-29 12:47:19.000000,
157658,913906,395500.000,2023-05-29 14:57:51.000000,
157828,868383,777400.000,2023-05-06 11:01:49.000000,
157828,899502,1513200.000,2023-05-22 13:40:50.000000,
157828,913342,1166200.000,2023-05-29 12:50:21.000000,
157874,911356,552500.000,2023-05-28 09:02:11.000000,
157874,912855,1905000.000,2023-05-29 11:14:43.000000,
158176,869225,358000.000,2023-05-06 18:29:40.000000,
158176,879728,100000.000,2023-05-11 14:36:50.000000,
158176,900106,387800.000,2023-05-22 17:17:38.000000,
158176,900120,424000.000,2023-05-22 17:29:01.000000,
158176,900123,424000.000,2023-05-22 17:30:31.000000,
158176,900127,342000.000,2023-05-22 17:31:48.000000,
158176,900128,424000.000,2023-05-22 17:34:18.000000,
158176,900133,306900.000,2023-05-22 17:36:32.000000,
158176,900135,434000.000,2023-05-22 17:38:11.000000,
158176,900140,320500.000,2023-05-22 17:40:39.000000,
158176,904839,377000.000,2023-05-24 17:35:20.000000,
158563,911915,309000.000,2023-05-29 07:12:53.000000,
158609,898724,1070900.000,2023-05-22 11:01:48.000000,
158609,901773,244200.000,2023-05-23 13:19:41.000000,
158609,904242,333000.000,2023-05-24 13:19:48.000000,
158609,911033,442500.000,2023-05-27 14:00:12.000000,
158609,911323,342000.000,2023-05-28 07:21:26.000000,
158727,902788,351600.000,2023-05-24 06:41:02.000000,
159000,875656,305000.000,2023-05-10 08:41:30.000000,
159000,877370,638000.000,2023-05-10 15:05:43.000000,
159000,888341,346400.000,2023-05-16 10:39:42.000000,
159000,904762,363000.000,2023-05-24 16:23:26.000000,
159301,912202,287000.000,2023-05-29 09:09:11.000000,
159461,911132,305800.000,2023-05-27 16:07:04.000000,
159582,897249,1755700.000,2023-05-20 21:53:24.000000,
159582,897386,3500800.000,2023-05-21 09:17:18.000000,
159582,900214,460000.000,2023-05-22 18:46:50.000000,
159582,911070,410000.000,2023-05-27 14:38:37.000000,
159582,911089,1168000.000,2023-05-27 14:59:46.000000,
159605,900740,307000.000,2023-05-23 09:15:06.000000,
159802,868841,350000.000,2023-05-06 12:05:45.000000,
159881,907400,677000.000,2023-05-26 07:44:27.000000,
159881,907406,677000.000,2023-05-26 07:46:48.000000,
159881,907409,677000.000,2023-05-26 07:48:23.000000,
159881,907416,677000.000,2023-05-26 07:50:54.000000,
159881,907422,677000.000,2023-05-26 07:53:25.000000,
159881,907433,621000.000,2023-05-26 07:58:00.000000,
160130,899963,1290900.000,2023-05-22 15:50:51.000000,
160338,869048,1023400.000,2023-05-06 14:20:21.000000,
